,index,Team,Name,Age,G,GS,IP,K%,BB%,HR/9,BABIP,LOB%,GB%,HR/FB,ERA,FIP,xFIP,WAR
0,0,ARI,Merrill Kelly,32,27,27,158.0,19.5%,6.1%,1.2,0.301,70.5%,43.9%,12.6%,4.44,4.11,4.24,2.4
1,1,ARI,Madison Bumgarner,31,26,26,146.1,20.2%,6.4%,1.48,0.265,67.8%,33.3%,12.3%,4.67,4.63,4.85,1.5
2,2,ARI,Zac Gallen,25,23,23,121.1,26.6%,9.4%,1.41,0.286,74.6%,43.7%,15.8%,4.3,4.25,3.96,1.5
3,3,ARI,Joe Mantiply,30,57,0,39.2,21.5%,9.6%,0.23,0.367,63.3%,46.2%,3.1%,3.4,2.94,4.04,0.7
4,4,ARI,Luke Weaver,27,13,13,65.2,22.5%,7.3%,1.51,0.26,70.8%,38.3%,14.7%,4.25,4.42,4.26,0.7
5,5,ARI,Noe Ramirez,31,36,0,32.2,22.0%,8.3%,0.55,0.184,68.5%,29.5%,4.3%,2.76,3.48,5.22,0.6
6,6,ARI,Taylor Clarke,28,43,0,43.1,20.1%,7.2%,0.83,0.35,62.9%,36.4%,7.5%,4.98,3.54,4.5,0.5
7,7,ARI,Tyler Gilbert,27,9,6,40.0,15.9%,8.3%,0.9,0.211,68.7%,38.6%,8.3%,3.15,4.27,5.09,0.5
8,8,ARI,Joakim Soria,37,31,0,29.1,24.8%,6.4%,1.23,0.333,75.6%,33.3%,11.1%,4.3,3.75,4.14,0.2
9,9,ARI,Sean Poppen,27,20,0,17.1,25.6%,8.5%,0.52,0.373,65.2%,50.0%,7.7%,4.67,3.05,3.63,0.2
10,10,ARI,Jake Faria,27,23,3,32.2,20.8%,8.4%,1.38,0.333,70.2%,39.4%,11.4%,5.51,4.58,4.96,0.2
11,11,ARI,Humberto Castellanos,23,14,7,45.2,14.8%,7.7%,1.38,0.287,70.7%,41.7%,12.3%,4.93,5.01,5.22,0.1
12,12,ARI,Caleb Smith,29,45,13,113.2,24.8%,12.6%,1.58,0.254,73.1%,28.1%,12.7%,4.83,5.1,5.26,0.1
13,13,ARI,Miguel Aguilar,29,9,0,7.0,10.3%,13.8%,0.0,0.273,40.0%,42.9%,0.0%,6.43,4.03,5.79,0.1
14,14,ARI,Asdrubal Cabrera,35,2,0,1.1,0.0%,0.0%,0.0,0.25,100.0%,50.0%,0.0%,0.0,3.17,5.82,0.0
15,15,ARI,Wyatt Mathisen,27,1,0,1.0,0.0%,0.0%,0.0,0.25,100.0%,25.0%,0.0%,0.0,3.17,6.7,0.0
16,16,ARI,Riley Smith,26,24,6,67.1,12.0%,5.0%,1.34,0.322,64.8%,43.2%,11.5%,6.01,4.88,5.23,0.0
17,17,ARI,Anthony Swarzak,35,6,0,4.2,19.0%,4.8%,1.93,0.4,45.5%,33.3%,20.0%,9.64,4.88,3.99,0.0
18,18,ARI,Humberto Mejia,24,5,5,22.1,19.0%,8.6%,2.01,0.38,64.7%,29.3%,17.2%,7.25,5.5,4.88,0.0
19,19,ARI,J.B. Wendelken,28,20,0,18.2,16.9%,11.7%,0.96,0.245,70.8%,47.3%,9.1%,4.34,4.62,5.3,0.0
20,20,ARI,Luis Frias,23,3,0,3.1,18.8%,31.3%,0.0,0.25,85.7%,37.5%,0.0%,2.7,5.87,6.93,-0.1
21,21,ARI,David Peralta,33,1,0,1.0,11.1%,0.0%,9.0,0.5,55.6%,28.6%,50.0%,27.0,17.17,7.7,-0.1
22,22,ARI,Josh Reddick,34,1,0,0.2,0.0%,20.0%,13.5,0.333,100.0%,25.0%,100.0%,13.5,27.17,10.32,-0.1
23,23,ARI,Bryan Holaday,33,1,0,1.0,0.0%,20.0%,9.0,0.0,100.0%,33.3%,50.0%,9.0,22.17,12.7,-0.1
24,24,ARI,Tyler Clippard,36,26,0,25.1,18.9%,9.9%,1.07,0.26,75.5%,25.7%,7.5%,3.2,4.71,5.96,-0.1
25,25,ARI,Stefan Crichton,29,31,0,23.1,14.5%,10.3%,1.16,0.37,60.3%,45.2%,9.4%,7.33,5.44,6.19,-0.1
26,26,ARI,Matt Peacock,27,35,8,86.1,13.0%,7.3%,1.36,0.32,68.8%,59.2%,18.6%,4.9,4.98,4.45,-0.1
27,27,ARI,Taylor Widener,26,23,13,70.1,22.9%,11.6%,1.79,0.271,79.4%,34.0%,15.2%,4.35,5.56,5.28,-0.1
28,28,ARI,Yoan Lopez,28,13,0,12.1,21.3%,9.8%,2.19,0.385,70.7%,45.2%,21.4%,6.57,5.68,4.52,-0.1
29,29,ARI,Jordan Weems,28,2,0,1.1,25.0%,25.0%,6.75,0.75,15.2%,60.0%,100.0%,47.25,17.42,8.99,-0.2
30,30,ARI,Keury Mella,27,2,0,1.2,13.3%,13.3%,10.8,0.667,55.6%,18.2%,40.0%,32.4,19.97,9.66,-0.2
31,31,ARI,Chris Devenski,30,8,0,7.1,14.3%,5.7%,2.45,0.36,62.5%,37.0%,18.2%,8.59,6.58,5.68,-0.2
32,32,ARI,Seth Frankoff,32,4,3,14.2,14.9%,12.2%,2.45,0.333,63.0%,46.9%,22.2%,9.2,7.47,6.09,-0.2
33,33,ARI,J.B. Bukauskas,24,21,0,17.1,17.3%,8.6%,2.08,0.357,47.2%,47.5%,23.5%,7.79,5.77,4.5,-0.3
34,34,ARI,Brett de Geus,23,28,0,23.1,13.5%,10.8%,1.16,0.354,56.4%,48.8%,12.5%,6.56,5.36,5.5,-0.3
35,35,ARI,Jon Duplantier,26,4,4,13.0,17.1%,11.4%,3.46,0.326,45.5%,48.9%,33.3%,13.15,8.63,5.67,-0.4
36,36,ARI,Kevin Ginkel,27,32,0,28.1,24.0%,10.9%,2.22,0.307,60.8%,42.0%,21.9%,6.35,5.89,4.67,-0.4
37,37,ARI,Brandyn Sittinger,27,5,0,4.2,4.8%,9.5%,5.79,0.143,100.0%,29.4%,27.3%,7.71,13.03,8.83,-0.5
38,38,ARI,Ryan Buchter,34,18,0,16.1,20.5%,16.7%,2.76,0.262,75.0%,23.4%,19.2%,6.61,7.95,6.77,-0.5
39,39,ARI,Corbin Martin,25,5,3,16.0,15.1%,16.3%,2.81,0.34,61.3%,30.9%,21.7%,10.69,8.42,6.89,-0.5
40,40,ARI,Alex Young,27,30,2,41.2,19.7%,10.4%,2.38,0.317,66.5%,44.7%,25.6%,6.26,6.29,4.68,-0.8
41,41,ARI,Team Total,28,727,162,1417.1,19.7%,8.9%,1.47,0.299,68.2%,40.2%,13.8%,5.15,4.88,4.85,4.0
0,0,ATL,Charlie Morton,37,33,33,185.2,28.6%,7.7%,0.78,0.267,71.0%,47.8%,12.1%,3.34,3.18,3.31,4.6
1,1,ATL,Max Fried,27,28,28,165.2,23.7%,6.1%,0.81,0.278,75.9%,51.8%,12.1%,3.04,3.31,3.45,3.8
2,2,ATL,Ian Anderson,23,24,24,128.1,23.2%,9.9%,1.12,0.261,79.1%,49.3%,15.1%,3.58,4.12,3.96,1.9
3,3,ATL,Huascar Ynoa,23,18,17,91.0,26.9%,6.7%,1.38,0.271,73.8%,47.3%,18.4%,4.05,3.93,3.4,1.4
4,4,ATL,A.J. Minter,27,61,0,52.1,25.8%,9.0%,0.34,0.298,61.1%,45.0%,4.2%,3.78,2.69,3.81,1.3
5,5,ATL,Tyler Matzek,30,69,0,63.0,29.2%,14.0%,0.43,0.255,80.2%,40.1%,5.9%,2.57,3.2,4.01,1.1
6,6,ATL,Jesse Chavez,37,30,4,33.2,27.1%,8.3%,0.0,0.267,73.5%,40.7%,0.0%,2.14,2.01,3.69,1.0
7,7,ATL,Kyle Muller,23,9,8,36.2,23.9%,12.9%,0.49,0.255,68.6%,37.6%,5.0%,4.17,3.66,4.88,0.7
8,8,ATL,Luke Jackson,29,71,0,63.2,26.8%,11.1%,0.85,0.253,90.2%,52.5%,12.5%,1.98,3.66,3.76,0.6
9,9,ATL,Chris Martin,35,46,0,43.1,18.2%,3.3%,0.83,0.333,72.5%,48.9%,9.5%,3.95,3.47,3.98,0.5
10,10,ATL,Will Smith,31,71,0,68.0,30.7%,9.9%,1.46,0.25,82.6%,31.3%,14.3%,3.44,4.17,4.06,0.4
11,11,ATL,Drew Smyly,32,29,23,126.2,21.4%,7.5%,1.92,0.295,77.4%,39.2%,18.4%,4.48,5.11,4.39,0.4
12,12,ATL,Sean Newcomb,28,32,0,32.1,28.7%,18.0%,0.28,0.351,71.9%,39.0%,3.8%,4.73,3.6,4.62,0.3
13,13,ATL,Tucker Davidson,25,4,4,20.0,21.7%,9.6%,1.35,0.222,79.8%,41.1%,14.3%,3.6,4.52,4.42,0.2
14,14,ATL,Jacob Webb,27,34,0,34.1,21.6%,9.2%,1.05,0.337,65.4%,34.0%,10.0%,4.19,4.07,4.61,0.1
15,15,ATL,Edgar Santana,29,41,0,42.2,18.9%,6.9%,1.48,0.244,74.0%,49.6%,18.4%,3.59,4.6,4.04,0.0
16,16,ATL,Grant Dayton,33,13,0,13.0,23.0%,9.8%,1.38,0.333,60.4%,25.6%,11.8%,6.23,4.4,4.71,0.0
17,17,ATL,Ty Tice,24,1,0,1.0,0.0%,20.0%,0.0,0.25,100.0%,33.3%,0.0%,0.0,6.17,7.93,0.0
18,18,ATL,Dylan Lee,26,2,0,2.0,33.3%,0.0%,4.5,0.4,62.5%,33.3%,50.0%,9.0,6.67,1.93,0.0
19,19,ATL,Jesse Biddle,29,8,0,10.2,21.6%,15.7%,0.84,0.31,53.8%,57.1%,12.5%,8.44,5.14,5.24,-0.1
20,20,ATL,Bryse Wilson,23,8,8,33.2,15.0%,7.8%,1.87,0.345,72.6%,39.8%,15.9%,5.88,5.67,5.27,-0.1
21,21,ATL,Carl Edwards Jr.,29,1,0,0.1,20.0%,20.0%,27.0,1.0,38.5%,33.3%,100.0%,81.0,45.17,11.46,-0.1
22,22,ATL,Josh Tomlin,36,35,0,49.1,17.0%,2.3%,1.82,0.358,63.9%,33.3%,13.3%,6.57,4.67,4.72,-0.1
23,23,ATL,Spencer Strider,22,2,0,2.1,0.0%,11.1%,3.86,0.143,100.0%,25.0%,20.0%,3.86,10.03,8.24,-0.1
24,24,ATL,Jay Flaa,29,1,0,1.1,25.0%,12.5%,13.5,0.333,0.0%,20.0%,66.7%,27.0,21.92,6.39,-0.1
25,25,ATL,Touki Toussaint,25,11,10,50.0,22.2%,10.2%,1.98,0.248,77.3%,47.1%,23.4%,4.5,5.79,4.59,-0.2
26,26,ATL,Kyle Wright,25,2,2,6.1,17.1%,14.3%,2.84,0.278,68.2%,42.1%,20.0%,9.95,9.64,8.32,-0.3
27,27,ATL,Shane Greene,32,19,0,17.0,20.5%,10.8%,2.65,0.333,64.0%,30.4%,19.2%,8.47,6.76,5.63,-0.3
28,28,ATL,Richard Rodriguez,31,27,0,26.0,8.5%,4.7%,2.08,0.2,97.1%,33.0%,13.0%,3.12,6.17,6.29,-0.5
29,29,ATL,Nate Jones,35,12,0,10.1,14.0%,20.0%,2.61,0.172,87.8%,28.1%,16.7%,3.48,8.78,8.08,-0.6
30,30,ATL,Team Total,29,742,161,1410.2,23.8%,8.7%,1.17,0.28,74.4%,43.7%,13.5%,3.89,4.09,4.09,16.0
0,0,BAL,John Means,28,26,26,146.2,22.7%,4.4%,1.84,0.24,80.5%,32.9%,15.0%,3.62,4.62,4.36,2.5
1,1,BAL,Matt Harvey,32,28,28,127.2,16.3%,6.4%,1.34,0.331,60.4%,42.7%,12.3%,6.27,4.6,4.81,1.9
2,2,BAL,Cole Sulser,31,60,0,63.1,28.4%,8.9%,0.71,0.276,79.7%,41.3%,7.8%,2.7,2.98,3.74,1.5
3,3,BAL,Tyler Wells,26,44,0,57.0,29.0%,5.4%,1.42,0.226,64.4%,21.4%,11.0%,4.11,3.63,4.11,0.9
4,4,BAL,Jorge Lopez,28,33,25,121.2,20.2%,10.1%,1.55,0.34,70.0%,50.4%,20.0%,6.07,5.2,4.48,0.8
5,5,BAL,Paul Fry,28,52,0,47.1,27.9%,16.3%,0.57,0.301,58.5%,49.6%,9.1%,6.08,3.93,4.34,0.6
6,6,BAL,Keegan Akin,26,24,17,95.0,19.2%,9.4%,1.61,0.325,64.0%,36.2%,13.1%,6.63,5.1,5.18,0.6
7,7,BAL,Dillon Tate,27,62,0,67.2,17.1%,8.0%,0.93,0.269,69.0%,59.7%,13.5%,4.39,4.4,4.41,0.4
8,8,BAL,Bruce Zimmermann,26,14,13,64.1,19.6%,7.7%,1.96,0.319,78.1%,40.4%,20.3%,5.04,5.38,4.44,0.4
9,9,BAL,Tanner Scott,26,62,0,54.0,27.9%,14.7%,1.0,0.318,69.0%,51.1%,17.1%,5.17,4.41,4.11,0.4
10,10,BAL,Conner Greene,26,22,1,23.1,21.2%,10.6%,0.39,0.397,57.3%,38.4%,3.3%,7.71,3.6,5.31,0.4
11,11,BAL,Chris Ellis,28,6,6,25.1,15.2%,12.4%,1.07,0.211,90.3%,27.4%,9.4%,2.49,5.22,5.91,0.3
12,12,BAL,Cesar Valdez,36,39,0,46.0,21.4%,6.7%,1.57,0.38,68.4%,48.0%,20.0%,5.87,4.45,3.73,0.2
13,13,BAL,Fernando Abad,35,16,0,17.2,12.2%,8.5%,0.51,0.344,62.9%,46.9%,5.0%,5.6,3.96,5.22,0.1
14,14,BAL,Zac Lowther,25,10,6,29.2,21.7%,9.4%,1.82,0.353,67.3%,42.9%,18.8%,6.67,5.5,4.77,0.1
15,15,BAL,Dusten Knight,30,7,0,8.2,25.0%,11.4%,1.04,0.37,41.1%,39.3%,10.0%,9.35,3.86,4.4,0.1
16,16,BAL,Hunter Harvey,26,9,0,8.2,16.7%,8.3%,1.04,0.269,72.9%,48.1%,12.5%,4.15,4.32,4.45,0.1
17,17,BAL,Wade LeBlanc,36,6,1,6.2,18.2%,3.0%,1.35,0.417,51.7%,40.0%,12.5%,9.45,4.22,4.39,0.1
18,18,BAL,Pat Valaika,28,2,0,1.1,0.0%,0.0%,0.0,0.0,100.0%,80.0%,0.0%,0.0,3.17,4.49,0.0
19,19,BAL,Zack Burdi,26,1,0,1.0,25.0%,25.0%,0.0,0.0,100.0%,0.0%,0.0%,0.0,4.17,7.7,0.0
20,20,BAL,Jay Flaa,29,1,0,1.1,20.0%,40.0%,0.0,0.0,100.0%,50.0%,0.0%,0.0,6.17,7.49,0.0
21,21,BAL,Brandon Waddell,27,1,0,1.0,0.0%,25.0%,0.0,0.0,100.0%,100.0%,0.0%,0.0,6.17,6.17,0.0
22,22,BAL,Isaac Mattson,25,4,0,4.1,13.0%,21.7%,0.0,0.333,70.0%,33.3%,0.0%,6.23,5.25,8.91,0.0
23,23,BAL,Joey Krehbiel,28,5,0,7.1,16.7%,13.3%,1.23,0.2,65.8%,57.1%,14.3%,4.91,5.22,5.13,0.0
24,24,BAL,Austin Wynns,30,1,0,1.0,0.0%,0.0%,9.0,0.0,100.0%,0.0%,50.0%,9.0,16.17,6.7,0.0
25,25,BAL,Konner Wade,29,7,0,12.1,17.2%,7.8%,2.19,0.444,50.4%,41.7%,15.8%,11.68,5.76,5.32,0.0
26,26,BAL,Stevie Wilkerson,29,1,0,1.0,0.0%,0.0%,9.0,0.25,100.0%,60.0%,50.0%,9.0,16.17,6.7,-0.1
27,27,BAL,Travis Lakins Sr.,27,24,1,28.0,19.5%,13.8%,1.29,0.247,59.3%,40.5%,12.5%,5.79,5.24,5.4,-0.1
28,28,BAL,Eric Hanhold,27,10,0,10.1,12.8%,6.4%,1.74,0.314,56.3%,37.8%,13.3%,6.97,5.69,5.73,-0.1
29,29,BAL,Spenser Watkins,28,16,10,54.2,13.7%,7.5%,2.3,0.324,59.7%,33.5%,17.7%,8.07,6.37,5.59,-0.1
30,30,BAL,Alexander Wells,24,11,8,42.2,13.2%,8.1%,2.11,0.303,69.0%,29.6%,14.9%,6.75,6.33,6.06,-0.1
31,31,BAL,Thomas Eshelman,27,9,6,27.2,8.7%,7.9%,1.95,0.286,62.8%,35.3%,13.3%,7.16,6.39,6.44,-0.1
32,32,BAL,Shawn Armstrong,30,20,0,20.0,22.0%,10.0%,2.25,0.371,59.4%,31.3%,17.2%,8.55,5.87,5.18,-0.1
33,33,BAL,Brooks Kriske,27,4,0,3.2,26.7%,0.0%,4.91,0.333,0.0%,27.3%,33.3%,12.27,8.08,3.88,-0.1
34,34,BAL,Manny Barreda,32,3,0,2.2,14.3%,14.3%,6.75,0.25,62.5%,20.0%,25.0%,13.5,13.67,9.21,-0.1
35,35,BAL,Shaun Anderson,26,7,0,10.0,12.7%,9.1%,2.7,0.359,42.6%,38.1%,16.7%,9.0,7.47,6.75,-0.1
36,36,BAL,Marcos Diplan,24,23,0,30.0,19.5%,12.2%,1.8,0.205,73.4%,41.7%,15.4%,4.5,5.67,5.36,-0.2
37,37,BAL,Mickey Jannis,33,1,0,3.1,4.8%,19.0%,8.1,0.385,64.1%,18.8%,33.3%,18.9,17.87,10.93,-0.2
38,38,BAL,Mike Baumann,25,4,0,10.0,10.0%,12.0%,1.8,0.306,46.5%,36.8%,12.5%,9.9,6.87,7.09,-0.2
39,39,BAL,Dean Kremer,25,13,13,53.2,19.2%,10.2%,2.85,0.297,66.0%,30.4%,19.5%,7.55,6.99,5.73,-0.3
40,40,BAL,Mac Sceroler,26,5,0,7.2,22.9%,14.6%,7.04,0.391,54.8%,34.5%,37.5%,14.09,13.6,7.11,-0.4
41,41,BAL,Adam Plutko,29,38,1,56.1,17.3%,10.6%,2.72,0.293,73.0%,30.0%,18.3%,6.71,7.13,6.12,-1.2
42,42,BAL,Team Total,28,731,162,1402.0,19.7%,9.0%,1.66,0.305,66.7%,39.7%,15.1%,5.85,5.15,4.91,7.9
0,0,BOS,Nathan Eovaldi,31,32,32,182.1,25.5%,4.6%,0.74,0.326,70.4%,42.0%,8.2%,3.75,2.79,3.48,5.6
1,1,BOS,Eduardo Rodriguez,28,32,31,157.2,27.4%,7.0%,1.08,0.363,68.9%,43.2%,12.7%,4.74,3.32,3.43,3.8
2,2,BOS,Tanner Houck,25,18,13,69.0,30.5%,7.4%,0.52,0.317,66.3%,48.2%,7.4%,3.52,2.58,3.2,2.2
3,3,BOS,Nick Pivetta,28,31,30,155.0,26.5%,9.8%,1.39,0.288,73.2%,38.3%,13.6%,4.53,4.28,4.28,2.1
4,4,BOS,Garrett Whitlock,25,46,0,73.1,27.2%,5.7%,0.74,0.304,82.0%,49.7%,10.0%,1.96,2.84,3.22,1.6
5,5,BOS,Matt Barnes,31,60,0,54.2,37.8%,9.0%,1.32,0.306,73.4%,41.7%,15.1%,3.79,3.21,3.01,1.3
6,6,BOS,Josh Taylor,28,61,0,47.2,28.7%,11.0%,0.38,0.355,77.7%,43.4%,5.4%,3.4,2.83,3.66,1.0
7,7,BOS,Garrett Richards,33,40,22,136.2,18.6%,9.7%,1.25,0.333,69.8%,47.0%,13.7%,4.87,4.72,4.71,1.0
8,8,BOS,Chris Sale,32,9,9,42.2,28.4%,6.6%,1.27,0.358,79.8%,47.4%,16.7%,3.16,3.69,3.35,0.8
9,9,BOS,Martin Perez,30,36,22,114.0,19.1%,7.1%,1.5,0.336,71.2%,43.6%,16.1%,4.74,4.82,4.48,0.6
10,10,BOS,Adam Ottavino,35,69,0,62.0,25.7%,12.7%,0.73,0.316,73.3%,40.0%,7.9%,4.21,3.96,4.7,0.5
11,11,BOS,Hansel Robles,30,27,0,25.0,30.3%,11.9%,0.72,0.322,75.3%,37.7%,7.4%,3.6,3.37,4.24,0.4
12,12,BOS,Austin Davis,28,19,0,16.2,22.7%,9.3%,1.08,0.327,67.6%,47.1%,11.8%,4.86,3.95,4.19,0.1
13,13,BOS,John Schreiber,27,1,0,3.0,38.5%,7.7%,0.0,0.571,80.0%,42.9%,0.0%,3.0,0.84,1.42,0.1
14,14,BOS,Eduard Bazardo,25,2,0,3.0,25.0%,16.7%,0.0,0.143,100.0%,28.6%,0.0%,0.0,3.17,6.11,0.1
15,15,BOS,Stephen Gonsalves,26,3,0,4.1,22.2%,11.1%,0.0,0.182,60.0%,54.5%,0.0%,4.15,3.4,5.44,0.0
16,16,BOS,Jonathan Arauz,22,1,0,1.0,0.0%,0.0%,0.0,0.4,50.0%,0.0%,0.0%,9.0,3.17,8.46,0.0
17,17,BOS,Kevin Plawecki,30,1,0,1.0,0.0%,0.0%,0.0,0.0,100.0%,33.3%,0.0%,0.0,3.17,4.93,0.0
18,18,BOS,Marwin Gonzalez,32,1,0,1.0,0.0%,0.0%,0.0,0.0,100.0%,66.7%,0.0%,0.0,3.17,4.93,0.0
19,19,BOS,Brandon Brennan,29,1,0,3.0,9.1%,18.2%,0.0,0.375,100.0%,50.0%,0.0%,0.0,4.5,5.68,0.0
20,20,BOS,Raynel Espinal,29,1,0,2.0,0.0%,12.5%,0.0,0.286,33.3%,42.9%,0.0%,9.0,4.67,6.43,0.0
21,21,BOS,Yacksel Rios,28,20,0,24.1,21.4%,14.3%,1.11,0.169,75.6%,45.2%,11.1%,3.7,4.9,5.25,0.0
22,22,BOS,Kaleb Ort,29,1,0,0.1,0.0%,33.3%,0.0,0.5,100.0%,0.0%,0.0%,0.0,12.17,17.46,0.0
23,23,BOS,Colten Brewer,28,1,0,1.0,11.1%,33.3%,0.0,0.8,42.9%,80.0%,0.0%,36.0,10.17,10.17,0.0
24,24,BOS,Ryan Brasier,33,13,0,12.0,18.0%,8.0%,1.5,0.286,83.3%,56.8%,18.2%,1.5,4.84,4.29,-0.1
25,25,BOS,Christian Arroyo,26,1,0,1.0,0.0%,20.0%,9.0,0.0,0.0%,25.0%,33.3%,0.0,19.17,11.46,-0.1
26,26,BOS,Michael Feliz,28,4,0,5.1,26.3%,5.3%,3.38,0.182,100.0%,38.5%,50.0%,3.38,6.73,3.18,-0.1
27,27,BOS,Kutter Crawford,25,1,1,2.0,15.4%,15.4%,4.5,0.5,35.7%,11.1%,20.0%,22.5,10.67,8.58,-0.1
28,28,BOS,Phillips Valdez,29,28,0,40.0,19.8%,10.7%,0.9,0.277,57.8%,57.9%,13.8%,5.85,4.67,4.65,-0.1
29,29,BOS,Austin Brice,29,13,0,13.2,18.8%,10.9%,1.32,0.308,67.6%,43.9%,11.1%,6.59,5.73,6.15,-0.1
30,30,BOS,Connor Seabold,25,1,1,3.0,0.0%,16.7%,3.0,0.222,83.3%,40.0%,25.0%,6.0,9.5,7.52,-0.1
31,31,BOS,Brandon Workman,32,19,0,20.0,15.1%,15.1%,0.9,0.349,76.7%,40.6%,9.1%,4.95,5.17,5.81,-0.1
32,32,BOS,Matt Andriese,31,26,0,37.1,21.5%,6.2%,1.69,0.407,67.6%,42.3%,16.3%,6.03,4.7,4.29,-0.2
33,33,BOS,Brad Peacock,33,2,1,5.1,11.5%,11.5%,3.38,0.235,13.9%,26.3%,18.2%,15.19,9.17,7.93,-0.2
34,34,BOS,Darwinzon Hernandez,24,48,0,40.0,29.7%,17.0%,1.13,0.276,82.8%,45.6%,17.9%,3.38,4.8,4.41,-0.2
35,35,BOS,Ryan Weber,30,1,0,5.2,23.3%,6.7%,6.35,0.529,42.6%,47.6%,57.1%,17.47,10.93,3.94,-0.2
36,36,BOS,Hirokazu Sawamura,33,55,0,53.0,26.2%,13.7%,1.53,0.279,82.8%,51.8%,18.8%,3.06,5.0,4.39,-0.3
37,37,BOS,Team Total,29,725,162,1419.0,24.8%,8.9%,1.12,0.323,71.9%,44.2%,12.6%,4.27,3.95,4.07,19.2
0,0,CHC,Craig Kimbrel,33,39,0,36.2,46.7%,9.5%,0.25,0.203,81.3%,31.7%,3.8%,0.49,1.1,1.99,2.2
1,1,CHC,Kyle Hendricks,31,32,32,181.0,16.7%,5.6%,1.54,0.299,73.0%,43.1%,15.6%,4.77,4.89,4.61,1.3
2,2,CHC,Ryan Tepera,33,43,0,43.1,30.3%,7.3%,0.62,0.196,70.1%,46.9%,7.7%,2.91,2.8,3.49,1.1
3,3,CHC,Alec Mills,29,32,20,119.0,16.8%,6.6%,1.21,0.324,66.2%,51.3%,15.0%,5.07,4.49,4.33,1.1
4,4,CHC,Adbert Alzolay,26,29,21,125.2,24.7%,6.6%,1.79,0.266,73.3%,45.3%,21.9%,4.58,4.65,3.66,1.0
5,5,CHC,Andrew Chafin,31,43,0,39.1,24.7%,8.0%,0.23,0.204,77.4%,50.0%,2.9%,2.06,2.69,3.93,1.0
6,6,CHC,Trevor Williams,29,13,12,58.2,23.1%,8.3%,1.53,0.343,70.5%,46.6%,17.9%,5.06,4.53,4.0,0.5
7,7,CHC,Rowan Wick,28,22,0,23.0,29.0%,14.0%,0.39,0.291,65.4%,34.5%,4.8%,4.3,3.17,4.22,0.4
8,8,CHC,Brad Wieck,29,15,0,17.0,39.4%,14.1%,0.0,0.303,100.0%,30.3%,0.0%,0.0,1.64,3.09,0.4
9,9,CHC,Codi Heuer,24,25,0,28.2,14.8%,11.3%,0.63,0.22,70.5%,44.4%,6.5%,3.14,4.36,5.36,0.2
10,10,CHC,Scott Effross,27,14,0,14.2,31.0%,1.7%,1.23,0.324,77.5%,47.2%,15.4%,3.68,3.31,3.1,0.2
11,11,CHC,Jason Adam,29,12,0,10.2,38.0%,12.0%,0.84,0.429,68.2%,36.4%,9.1%,5.91,3.36,3.96,0.1
12,12,CHC,Zach Davies,28,32,32,148.0,17.1%,11.2%,1.52,0.305,69.1%,42.5%,16.8%,5.78,5.45,5.03,0.1
13,13,CHC,Kohl Stewart,26,4,3,13.2,17.2%,9.4%,1.32,0.349,58.6%,52.3%,16.7%,5.27,5.22,4.87,0.1
14,14,CHC,Joe Biagini,31,1,0,3.0,15.4%,7.7%,0.0,0.222,100.0%,25.0%,0.0%,0.0,3.84,6.78,0.0
15,15,CHC,Pedro Strop,36,2,0,2.0,30.0%,20.0%,0.0,0.4,100.0%,80.0%,0.0%,0.0,3.17,3.17,0.0
16,16,CHC,Matt Duffy,30,1,0,0.1,0.0%,0.0%,0.0,0.0,100.0%,100.0%,0.0%,0.0,3.17,3.17,0.0
17,17,CHC,Sergio Alcantara,24,1,0,0.1,0.0%,0.0%,0.0,0.0,100.0%,0.0%,0.0%,0.0,3.17,8.46,0.0
18,18,CHC,Anthony Rizzo,31,1,0,0.2,33.3%,33.3%,0.0,0.0,100.0%,100.0%,0.0%,0.0,4.67,4.67,0.0
19,19,CHC,Dillon Maples,29,28,0,31.1,28.8%,18.0%,0.57,0.203,84.1%,50.0%,11.1%,2.59,4.61,4.79,0.0
20,20,CHC,Andrew Romine,35,1,0,1.0,20.0%,0.0%,9.0,0.333,100.0%,25.0%,50.0%,9.0,14.17,4.7,-0.1
21,21,CHC,Shelby Miller,30,3,0,2.0,5.6%,27.8%,0.0,0.583,41.7%,41.7%,0.0%,31.5,9.67,12.32,-0.1
22,22,CHC,Justin Steele,25,20,9,57.0,23.8%,10.9%,1.89,0.262,81.3%,50.3%,26.1%,4.26,5.52,4.21,-0.1
23,23,CHC,Michael Rucker,27,20,0,28.1,23.8%,8.7%,1.59,0.346,52.6%,45.8%,17.2%,6.99,4.72,4.23,-0.1
24,24,CHC,Ryan Meisinger,27,7,0,7.1,15.8%,13.2%,2.45,0.36,45.5%,44.0%,20.0%,12.27,7.12,5.99,-0.1
25,25,CHC,Eric Sogard,35,5,0,4.1,4.8%,0.0%,4.15,0.294,96.2%,15.8%,18.2%,6.23,9.4,7.88,-0.1
26,26,CHC,Robert Stock,31,1,1,4.0,13.6%,27.3%,2.25,0.273,62.5%,41.7%,20.0%,11.25,10.17,9.13,-0.1
27,27,CHC,Brandon Workman,32,10,0,8.0,25.6%,16.3%,2.25,0.435,61.7%,54.2%,50.0%,6.75,6.3,3.93,-0.2
28,28,CHC,Tommy Nance,30,27,0,28.2,23.6%,10.2%,1.57,0.263,52.9%,56.3%,26.3%,7.22,5.02,3.92,-0.2
29,29,CHC,Adrian Sampson,29,10,5,35.1,19.3%,5.5%,2.04,0.232,88.4%,44.1%,21.1%,2.8,5.72,4.67,-0.2
30,30,CHC,Rex Brothers,33,57,0,53.0,31.8%,14.8%,1.53,0.288,73.5%,35.0%,17.0%,5.26,4.87,4.42,-0.2
31,31,CHC,Keegan Thompson,26,32,6,53.1,22.6%,12.8%,1.52,0.267,86.3%,43.0%,17.0%,3.38,5.16,4.72,-0.2
32,32,CHC,Manuel Rodriguez,24,20,0,17.2,19.3%,14.5%,1.53,0.294,48.5%,53.7%,18.8%,6.11,5.77,5.16,-0.2
33,33,CHC,Kyle Ryan,29,13,0,13.1,12.9%,9.7%,2.03,0.311,69.1%,57.4%,37.5%,6.75,6.25,4.38,-0.2
34,34,CHC,Trevor Megill,27,28,0,23.2,26.1%,7.0%,2.66,0.42,59.7%,40.0%,24.1%,8.37,5.62,3.94,-0.2
35,35,CHC,Adam Morgan,31,34,0,25.1,25.9%,11.1%,2.13,0.262,75.2%,44.8%,24.0%,4.26,5.58,4.24,-0.3
36,36,CHC,Jake Jewell,28,10,0,10.0,19.6%,9.8%,4.5,0.419,68.8%,42.9%,41.7%,9.9,9.17,4.79,-0.4
37,37,CHC,Dan Winkler,31,47,0,39.2,21.1%,15.8%,1.13,0.255,73.4%,44.5%,12.8%,5.22,5.74,5.84,-0.5
38,38,CHC,Cory Abbott,25,7,1,17.1,14.6%,13.4%,3.63,0.25,75.5%,37.9%,25.9%,6.75,8.94,6.44,-0.5
39,39,CHC,Jake Arrieta,35,20,20,86.1,18.1%,9.5%,2.19,0.339,64.0%,43.6%,23.3%,6.88,6.11,4.79,-0.6
40,40,CHC,Team Total,29,761,162,1412.2,21.9%,9.6%,1.5,0.294,70.9%,44.8%,17.2%,4.88,4.88,4.43,4.9
0,0,CHW,Carlos Rodon,28,24,24,132.2,34.6%,6.7%,0.88,0.267,82.2%,37.7%,9.6%,2.37,2.65,3.17,4.9
1,1,CHW,Dylan Cease,25,32,32,165.2,31.9%,9.6%,1.09,0.309,73.9%,33.3%,11.3%,3.91,3.41,3.72,4.4
2,2,CHW,Lance Lynn,34,28,28,157.0,27.5%,7.0%,1.03,0.263,81.5%,38.1%,10.2%,2.69,3.32,3.82,4.2
3,3,CHW,Lucas Giolito,26,31,31,178.2,27.9%,7.2%,1.36,0.269,77.5%,33.2%,13.8%,3.53,3.79,3.75,4.0
4,4,CHW,Liam Hendriks,32,69,0,71.0,42.3%,2.6%,1.39,0.252,79.8%,32.6%,15.1%,2.54,2.34,2.14,2.7
5,5,CHW,Michael Kopech,25,44,4,69.1,36.1%,8.4%,1.17,0.304,78.3%,37.7%,13.4%,3.5,2.97,2.99,1.7
6,6,CHW,Garrett Crochet,22,54,0,54.1,28.3%,11.7%,0.33,0.296,71.4%,40.2%,4.0%,2.82,2.8,3.95,1.3
7,7,CHW,Aaron Bummer,27,62,0,56.1,31.0%,12.0%,0.48,0.298,66.4%,76.1%,17.6%,3.51,2.96,2.8,1.2
8,8,CHW,Reynaldo Lopez,27,20,9,57.2,24.8%,5.9%,1.56,0.222,68.3%,39.0%,16.7%,3.43,4.19,3.77,0.7
9,9,CHW,Dallas Keuchel,33,32,30,162.0,13.2%,8.2%,1.39,0.307,68.2%,54.9%,17.9%,5.28,5.23,4.74,0.6
10,10,CHW,Codi Heuer,24,40,0,38.2,23.5%,6.0%,1.16,0.36,69.4%,43.0%,13.5%,5.12,3.69,3.69,0.5
11,11,CHW,Ryan Tepera,33,22,0,18.0,32.0%,9.3%,0.5,0.286,81.6%,37.2%,4.5%,2.5,2.56,3.99,0.5
12,12,CHW,Jose Ruiz,26,59,0,65.0,23.2%,9.2%,1.11,0.246,77.2%,41.8%,11.6%,3.05,3.99,4.26,0.5
13,13,CHW,Ryan Burr,27,34,1,36.2,21.9%,13.9%,0.74,0.269,85.2%,57.0%,12.0%,2.45,4.23,4.37,0.2
14,14,CHW,Evan Marshall,31,27,0,27.1,23.0%,8.0%,1.65,0.315,66.7%,40.8%,15.6%,5.6,4.63,4.32,0.1
15,15,CHW,Alex McRae,28,2,0,2.0,10.0%,10.0%,0.0,0.375,75.0%,37.5%,0.0%,4.5,3.67,6.32,0.0
16,16,CHW,Craig Kimbrel,33,24,0,23.0,36.7%,10.2%,1.96,0.295,75.0%,28.6%,19.2%,5.09,4.56,3.73,0.0
17,17,CHW,Romy Gonzalez,24,1,0,0.1,100.0%,0.0%,0.0,0.0,100.0%,0.0%,0.0%,0.0,-2.83,-2.83,0.0
18,18,CHW,Danny Mendick,27,1,0,1.0,20.0%,0.0%,0.0,0.333,100.0%,66.7%,0.0%,0.0,4.17,5.93,0.0
19,19,CHW,Jonathan Stiever,24,1,0,0.0,0.0%,0.0%,0.0,1.0,25.0%,0.0%,0.0%,27.0,3.17,3.17,0.0
20,20,CHW,Mike Wright Jr.,31,13,0,18.0,13.6%,13.6%,0.5,0.286,62.9%,47.4%,5.3%,5.5,4.84,5.98,0.0
21,21,CHW,Yermin Mercedes,28,1,0,1.0,0.0%,28.6%,0.0,0.6,80.0%,0.0%,0.0%,9.0,9.17,10.93,0.0
22,22,CHW,Jimmy Lambert,26,4,3,13.0,16.7%,10.0%,2.08,0.333,75.8%,21.4%,13.6%,6.23,6.48,6.46,-0.1
23,23,CHW,Jace Fry,27,6,0,6.2,9.7%,19.4%,1.35,0.45,57.7%,71.4%,33.3%,10.8,7.37,6.21,-0.1
24,24,CHW,Matt Foster,26,37,0,39.0,23.0%,7.5%,2.08,0.309,68.3%,28.8%,15.3%,6.0,5.27,4.94,-0.1
25,25,CHW,Zack Burdi,26,6,0,9.0,13.3%,8.9%,3.0,0.333,81.1%,33.3%,18.8%,6.0,8.17,6.97,-0.2
26,26,CHW,Team Total,28,674,162,1403.1,27.1%,8.3%,1.17,0.288,74.4%,41.2%,12.8%,3.73,3.74,3.85,27.1
0,0,CIN,Tyler Mahle,26,33,33,180.0,27.7%,8.4%,1.2,0.297,77.6%,42.2%,14.1%,3.75,3.8,3.74,3.8
1,1,CIN,Luis Castillo,28,33,33,187.2,23.9%,9.3%,0.91,0.318,71.5%,56.6%,15.0%,3.98,3.75,3.63,3.7
2,2,CIN,Wade Miley,34,28,28,163.0,18.1%,7.2%,0.94,0.301,79.4%,49.4%,12.6%,3.37,3.97,4.07,2.9
3,3,CIN,Sonny Gray,31,26,26,135.1,27.0%,8.7%,1.26,0.28,72.4%,47.2%,16.5%,4.19,3.99,3.66,2.4
4,4,CIN,Lucas Sims,27,47,0,47.0,39.0%,9.2%,1.15,0.308,63.0%,26.3%,13.3%,4.4,3.0,3.03,1.3
5,5,CIN,Tejay Antone,27,23,0,33.2,32.8%,10.2%,0.8,0.209,86.8%,47.1%,13.6%,2.14,3.26,3.25,0.8
6,6,CIN,Vladimir Gutierrez,25,22,22,114.0,17.7%,9.3%,1.58,0.281,75.9%,43.4%,14.3%,4.74,5.22,5.11,0.6
7,7,CIN,Art Warren,28,26,0,21.0,41.5%,9.8%,0.43,0.263,91.4%,35.1%,5.9%,1.29,1.84,2.65,0.6
8,8,CIN,Luis Cessa,29,24,0,26.1,23.0%,2.0%,1.03,0.292,87.2%,42.7%,12.5%,2.05,3.13,3.26,0.5
9,9,CIN,Reiver Sanmartin,25,2,2,11.2,23.4%,4.3%,0.0,0.353,85.7%,47.1%,0.0%,1.54,1.8,3.46,0.5
10,10,CIN,Sean Doolittle,34,45,0,38.1,23.7%,10.4%,1.41,0.318,75.1%,18.2%,9.4%,4.46,4.55,5.46,0.3
11,11,CIN,Michael Lorenzen,29,27,0,29.0,16.8%,11.2%,0.62,0.276,60.2%,44.8%,7.4%,5.59,4.17,4.92,0.2
12,12,CIN,Tony Santillan,24,26,4,43.1,29.5%,11.1%,1.45,0.273,90.0%,33.0%,15.9%,2.91,4.62,4.32,0.2
13,13,CIN,Heath Hembree,32,45,0,42.1,38.0%,10.6%,2.13,0.275,51.3%,22.2%,19.6%,6.38,4.52,3.57,0.2
14,14,CIN,Justin Wilson,33,21,0,16.0,21.2%,10.6%,0.56,0.295,81.6%,50.0%,6.3%,2.81,3.55,4.5,0.2
15,15,CIN,Jeff Hoffman,28,31,11,73.0,23.6%,13.4%,1.48,0.299,76.6%,37.7%,15.2%,4.56,5.2,4.97,0.2
16,16,CIN,Jose De Leon,28,9,2,18.1,36.3%,12.1%,1.96,0.439,61.2%,31.1%,21.1%,8.35,4.53,3.53,0.1
17,17,CIN,Mychal Givens,31,23,0,21.1,21.7%,14.1%,0.84,0.281,70.9%,42.4%,10.0%,4.22,4.34,4.78,0.1
18,18,CIN,Max Schrock,26,2,0,1.2,16.7%,0.0%,0.0,0.0,100.0%,0.0%,0.0%,0.0,1.97,5.15,0.0
19,19,CIN,Carson Fulmer,27,20,0,25.2,20.7%,11.2%,1.05,0.315,58.2%,48.0%,11.5%,6.66,4.69,4.96,0.0
20,20,CIN,Mike Freeman,33,1,0,0.1,100.0%,0.0%,0.0,0.0,100.0%,0.0%,0.0%,0.0,-2.83,-2.83,0.0
21,21,CIN,Dauri Moreta,25,4,0,3.2,28.6%,7.1%,2.45,0.125,100.0%,22.2%,14.3%,2.45,5.35,5.17,0.0
22,22,CIN,Amir Garrett,29,63,0,47.2,28.4%,13.5%,1.7,0.319,65.7%,50.8%,20.9%,6.04,4.89,4.03,-0.1
23,23,CIN,Michael Feliz,28,9,0,6.2,24.3%,10.8%,2.7,0.5,35.2%,33.3%,16.7%,16.2,6.17,5.45,-0.1
24,24,CIN,Alex Blandino,28,4,0,3.2,5.6%,22.2%,2.45,0.25,45.5%,30.8%,14.3%,9.82,9.44,9.27,-0.1
25,25,CIN,Brad Brach,35,35,0,30.0,23.7%,12.9%,1.5,0.305,54.8%,43.0%,13.5%,6.3,5.04,5.05,-0.1
26,26,CIN,Ashton Goudeau,28,5,0,9.0,11.4%,20.5%,1.0,0.241,83.3%,55.2%,11.1%,4.0,6.5,6.82,-0.1
27,27,CIN,Edgar Garcia,24,5,0,4.1,16.7%,4.2%,4.15,0.471,12.2%,42.1%,28.6%,16.62,8.02,4.87,-0.1
28,28,CIN,R.J. Alaniz,30,3,0,2.2,23.1%,23.1%,3.38,0.0,100.0%,33.3%,33.3%,3.38,10.3,7.4,-0.1
29,29,CIN,Cam Bedrosian,29,6,0,5.2,21.2%,18.2%,3.18,0.444,68.2%,40.0%,40.0%,11.12,8.46,5.43,-0.1
30,30,CIN,Sal Romano,27,14,0,20.2,13.2%,9.9%,1.74,0.242,64.1%,40.0%,12.1%,5.23,5.83,6.13,-0.2
31,31,CIN,Riley O'Brien,26,1,1,1.1,22.2%,33.3%,13.5,0.0,100.0%,50.0%,100.0%,13.5,26.42,9.57,-0.2
32,32,CIN,Cionel Perez,25,25,0,24.0,22.5%,18.0%,1.88,0.262,58.8%,51.5%,20.0%,6.38,6.3,5.42,-0.3
33,33,CIN,Josh Osich,32,17,0,14.1,15.0%,8.3%,2.51,0.262,76.4%,56.5%,30.8%,5.02,6.59,4.56,-0.4
34,34,CIN,Ryan Hendrix,26,36,0,31.2,24.6%,11.3%,2.27,0.305,69.6%,39.8%,25.8%,5.97,5.85,4.3,-0.4
35,35,CIN,Team Total,28,741,162,1434.1,24.6%,10.0%,1.29,0.297,72.6%,44.2%,14.8%,4.41,4.34,4.18,16.2
0,0,CLE,Shane Bieber,26,16,16,96.2,33.1%,8.1%,1.02,0.327,80.5%,44.0%,14.7%,3.17,3.03,2.91,2.6
1,1,CLE,Emmanuel Clase,23,71,0,69.2,26.5%,5.7%,0.26,0.262,76.3%,67.6%,5.9%,1.29,2.11,2.6,2.2
2,2,CLE,Cal Quantrill,26,40,22,149.2,19.6%,7.6%,0.96,0.267,80.0%,43.2%,10.7%,2.89,4.07,4.43,1.9
3,3,CLE,Triston McKenzie,23,25,24,120.0,27.5%,11.7%,1.58,0.227,68.3%,30.1%,14.7%,4.95,4.7,4.53,1.1
4,4,CLE,Zach Plesac,26,25,25,142.2,16.7%,5.7%,1.45,0.263,67.9%,45.3%,13.3%,4.67,4.73,4.77,1.1
5,5,CLE,Aaron Civale,26,21,21,124.1,19.9%,6.2%,1.66,0.249,78.5%,45.0%,17.2%,3.84,4.83,4.32,0.8
6,6,CLE,Nick Sandlin,24,34,0,33.2,34.0%,12.1%,0.53,0.271,68.9%,41.7%,6.9%,2.94,2.96,3.71,0.6
7,7,CLE,Phil Maton,28,38,1,41.1,34.3%,11.2%,0.87,0.356,71.2%,39.4%,10.3%,4.57,3.15,3.55,0.6
8,8,CLE,Sam Hentges,24,30,12,68.2,21.4%,10.1%,1.31,0.385,63.0%,45.8%,13.2%,6.68,4.48,4.54,0.4
9,9,CLE,Eli Morgan,25,18,18,89.1,21.4%,5.8%,2.01,0.278,70.5%,29.2%,14.7%,5.34,5.14,4.92,0.4
10,10,CLE,Blake Parker,36,47,0,43.2,20.0%,7.6%,1.03,0.299,84.6%,38.6%,9.6%,3.09,4.06,4.68,0.2
11,11,CLE,James Karinchak,25,60,0,55.1,33.2%,13.6%,1.46,0.228,74.5%,39.3%,18.4%,4.07,4.31,3.76,0.2
12,12,CLE,Anthony Gose,30,6,0,6.2,37.5%,8.3%,0.0,0.154,75.0%,58.3%,0.0%,1.35,1.37,2.16,0.2
13,13,CLE,Oliver Perez,39,5,0,3.2,22.2%,5.6%,0.0,0.385,83.3%,61.5%,0.0%,0.0,1.81,3.73,0.1
14,14,CLE,Francisco Perez,23,4,0,6.2,17.9%,10.7%,0.0,0.3,66.7%,40.0%,0.0%,4.05,3.02,5.67,0.1
15,15,CLE,Kyle Nelson,24,10,0,9.2,16.3%,16.3%,0.0,0.323,50.0%,38.7%,0.0%,9.31,4.62,6.63,0.0
16,16,CLE,DJ Johnson,31,1,0,1.2,42.9%,0.0%,5.4,0.333,100.0%,25.0%,50.0%,5.4,7.37,1.69,0.0
17,17,CLE,Bryan Shaw,33,81,0,77.1,21.3%,11.4%,1.16,0.276,79.8%,45.5%,14.7%,3.49,4.53,4.4,-0.1
18,18,CLE,Alex Young,27,10,0,10.1,9.4%,13.2%,0.87,0.368,66.4%,43.6%,8.3%,7.84,6.07,6.86,-0.2
19,19,CLE,Justin Garza,27,21,0,28.2,22.7%,14.1%,1.57,0.289,76.3%,36.7%,17.2%,4.71,5.3,4.82,-0.2
20,20,CLE,Nick Wittgren,30,60,1,62.1,23.6%,6.6%,1.88,0.291,68.0%,45.5%,24.5%,5.05,4.84,3.63,-0.3
21,21,CLE,Logan Allen,24,14,11,50.1,16.7%,7.7%,2.15,0.303,64.3%,45.1%,22.2%,6.26,6.05,4.84,-0.4
22,22,CLE,Trevor Stephan,25,43,0,63.1,26.6%,11.0%,2.13,0.272,84.5%,33.1%,19.5%,4.41,5.49,4.56,-0.5
23,23,CLE,JC Mejia,24,17,11,52.1,19.7%,10.1%,2.24,0.311,56.7%,47.9%,24.5%,8.25,6.15,4.71,-0.5
24,24,CLE,Team Total,27,697,162,1408.0,23.3%,8.7%,1.38,0.282,72.8%,42.6%,14.7%,4.34,4.43,4.27,10.2
0,0,COL,Antonio Senzatela,26,28,28,156.2,15.7%,4.8%,0.69,0.324,66.8%,51.2%,8.7%,4.42,3.61,4.17,3.5
1,1,COL,German Marquez,26,32,32,180.0,23.3%,8.5%,1.05,0.293,69.3%,51.6%,15.9%,4.4,3.86,3.64,3.4
2,2,COL,Jon Gray,29,29,29,149.0,24.4%,9.0%,1.27,0.298,69.6%,48.4%,15.1%,4.59,4.22,4.04,2.3
3,3,COL,Kyle Freeland,28,23,23,120.2,20.4%,7.4%,1.49,0.325,78.9%,45.0%,16.4%,4.33,4.63,4.26,1.5
4,4,COL,Austin Gomber,27,23,23,115.1,23.2%,8.4%,1.56,0.264,69.5%,44.3%,16.8%,4.53,4.61,4.18,1.3
5,5,COL,Carlos Estevez,28,64,0,61.2,22.2%,7.8%,1.17,0.352,74.9%,43.7%,12.3%,4.38,4.03,4.2,0.6
6,6,COL,Daniel Bard,36,67,0,65.2,26.3%,11.8%,1.1,0.353,70.4%,42.5%,14.3%,5.21,4.28,4.2,0.5
7,7,COL,Robert Stephenson,28,49,0,46.0,26.4%,9.1%,0.98,0.308,76.4%,38.2%,10.6%,3.13,3.63,4.02,0.5
8,8,COL,Chi Chi Gonzalez,29,24,18,101.2,12.5%,6.3%,1.59,0.321,64.1%,39.5%,15.5%,6.46,5.37,5.08,0.2
9,9,COL,Jordan Sheffield,26,30,0,29.1,17.2%,11.2%,0.61,0.215,73.7%,44.4%,6.3%,3.38,4.23,5.27,0.2
10,10,COL,Lucas Gilbreath,25,47,1,42.2,23.8%,12.4%,1.05,0.25,78.0%,44.8%,11.6%,3.38,4.32,4.57,0.2
11,11,COL,Tyler Kinley,30,70,0,70.1,23.1%,8.8%,1.54,0.251,71.2%,38.9%,14.3%,4.73,4.65,4.54,0.2
12,12,COL,Jhoulys Chacin,33,46,1,64.1,17.5%,10.4%,1.12,0.242,70.2%,46.1%,13.1%,4.34,4.63,4.69,0.2
13,13,COL,Antonio Santos,24,7,0,11.1,21.7%,10.9%,0.79,0.267,55.6%,45.2%,8.3%,4.76,3.88,4.6,0.1
14,14,COL,Ashton Goudeau,28,11,1,25.1,17.5%,8.2%,1.07,0.194,64.2%,50.0%,13.6%,4.26,4.55,4.54,0.1
15,15,COL,Ben Bowden,26,39,0,35.2,23.7%,11.9%,1.51,0.355,62.5%,24.1%,11.1%,6.56,4.85,5.34,0.0
16,16,COL,Justin Lawrence,26,19,0,16.2,19.8%,22.1%,0.0,0.42,60.0%,52.1%,0.0%,8.64,4.55,5.5,0.0
17,17,COL,Mychal Givens,31,31,0,29.2,27.4%,11.3%,1.52,0.29,88.2%,31.5%,17.2%,2.73,4.69,4.22,0.0
18,18,COL,Joshua Fuentes,28,1,0,1.0,0.0%,0.0%,0.0,0.25,100.0%,25.0%,0.0%,0.0,3.17,4.93,0.0
19,19,COL,Zac Rosscup,33,4,0,3.0,30.8%,7.7%,3.0,0.333,100.0%,57.1%,50.0%,3.0,6.84,3.68,0.0
20,20,COL,Julian Fernandez,25,6,0,6.2,12.1%,12.1%,2.7,0.304,49.0%,32.0%,16.7%,10.8,7.67,6.95,-0.1
21,21,COL,Peter Lambert,24,2,2,5.2,10.0%,6.7%,3.18,0.435,62.5%,52.0%,25.0%,11.12,7.76,5.66,-0.1
22,22,COL,Ryan Castellani,25,1,1,3.1,11.8%,23.5%,2.7,0.444,93.0%,40.0%,25.0%,5.4,10.37,8.59,-0.1
23,23,COL,Ryan Feltner,24,2,2,6.1,18.2%,15.2%,4.26,0.333,64.8%,9.5%,25.0%,11.37,10.28,7.46,-0.2
24,24,COL,Jesus Tinoco,26,1,0,1.1,0.0%,10.0%,20.25,0.4,71.4%,25.0%,100.0%,33.75,36.92,11.64,-0.3
25,25,COL,Yency Almonte,27,48,0,47.2,21.7%,13.4%,1.7,0.297,56.4%,42.6%,18.4%,7.55,5.73,5.09,-0.5
26,26,COL,Team Total,28,704,161,1397.0,21.0%,8.9%,1.26,0.302,69.8%,44.8%,14.3%,4.83,4.47,4.38,13.3
0,0,DET,Michael Fulmer,28,52,4,69.2,24.6%,6.7%,0.9,0.323,79.6%,45.2%,10.3%,2.97,3.46,3.87,1.6
1,1,DET,Spencer Turnbull,28,9,9,50.0,21.9%,6.0%,0.36,0.254,70.3%,57.2%,5.3%,2.88,2.95,3.77,1.5
2,2,DET,Matthew Boyd,30,15,15,78.2,19.9%,6.8%,1.03,0.294,74.2%,38.4%,9.3%,3.89,4.1,4.79,1.4
3,3,DET,Casey Mize,24,30,30,150.1,19.3%,6.7%,1.44,0.254,79.5%,48.1%,16.2%,3.71,4.71,4.37,1.3
4,4,DET,Tyler Alexander,26,41,15,106.1,19.3%,6.2%,1.35,0.285,78.7%,37.9%,11.0%,3.81,4.39,4.86,1.0
5,5,DET,Matt Manning,23,18,18,85.1,14.8%,8.6%,1.05,0.305,61.9%,44.5%,10.2%,5.8,4.62,5.13,0.9
6,6,DET,Tarik Skubal,24,31,29,149.1,25.9%,7.4%,2.11,0.277,81.4%,38.5%,20.5%,4.34,5.09,4.06,0.7
7,7,DET,Wily Peralta,32,19,18,93.2,14.4%,9.5%,1.15,0.259,78.4%,50.7%,13.2%,3.07,4.94,4.99,0.7
8,8,DET,Jose Cisnero,32,67,0,61.2,23.4%,11.7%,0.88,0.278,67.0%,45.7%,10.9%,3.65,4.13,4.44,0.6
9,9,DET,Gregory Soto,26,62,0,63.2,27.5%,14.5%,0.99,0.257,73.8%,44.9%,12.1%,3.39,4.14,4.32,0.5
10,10,DET,Jose Urena,29,26,18,100.2,14.7%,9.2%,1.25,0.319,65.3%,52.0%,14.7%,5.81,5.02,4.87,0.4
11,11,DET,Daniel Norris,28,38,0,36.2,25.5%,9.6%,0.98,0.354,60.7%,48.5%,16.7%,5.89,3.8,3.53,0.4
12,12,DET,Derek Holland,34,39,1,49.2,22.7%,8.9%,1.09,0.354,70.8%,45.4%,12.2%,5.07,3.96,4.13,0.3
13,13,DET,Kyle Funkhouser,27,57,2,68.1,21.1%,12.8%,0.79,0.277,74.0%,53.2%,10.7%,3.42,4.27,4.57,0.3
14,14,DET,Drew Hutchison,30,9,2,21.1,11.0%,12.1%,0.42,0.275,67.6%,49.3%,3.8%,2.11,4.39,5.93,0.1
15,15,DET,Miguel Del Pozo,28,5,0,5.1,16.0%,8.0%,0.0,0.421,80.0%,21.1%,0.0%,3.38,2.8,4.78,0.1
16,16,DET,Alex Lange,25,36,0,35.2,24.1%,9.9%,1.26,0.323,77.6%,44.2%,16.1%,4.04,4.4,4.11,0.1
17,17,DET,Ian Krol,30,18,0,18.2,20.9%,9.3%,0.96,0.362,74.5%,44.1%,11.1%,4.34,3.92,4.23,0.1
18,18,DET,Erasmo Ramirez,31,17,0,26.2,18.3%,4.6%,1.35,0.253,53.3%,37.3%,10.3%,5.74,4.3,4.93,0.1
19,19,DET,Beau Burrows,24,1,0,1.2,33.3%,22.2%,0.0,0.5,0.0%,25.0%,0.0%,21.6,3.17,5.29,0.0
20,20,DET,Jake Rogers,26,1,0,1.0,0.0%,16.7%,0.0,0.4,33.3%,40.0%,0.0%,18.0,6.17,9.7,0.0
21,21,DET,Harold Castro,27,3,0,2.2,0.0%,27.3%,0.0,0.0,100.0%,37.5%,0.0%,0.0,6.55,9.85,0.0
22,22,DET,Julio Teheran,30,1,1,5.0,15.0%,15.0%,1.8,0.231,100.0%,35.7%,16.7%,1.8,6.37,5.89,0.0
23,23,DET,Jason Foley,25,11,0,10.1,13.3%,11.1%,0.87,0.233,89.0%,54.8%,12.5%,2.61,5.59,5.7,-0.1
24,24,DET,Drew Carlton,25,4,0,3.2,5.3%,21.1%,2.45,0.385,93.0%,23.1%,12.5%,4.91,9.44,9.75,-0.1
25,25,DET,Rony Garcia,23,2,0,3.2,16.7%,16.7%,2.45,0.0,100.0%,25.0%,20.0%,2.45,7.26,6.12,-0.1
26,26,DET,Joe Jimenez,26,52,0,45.1,27.1%,16.7%,1.19,0.269,64.1%,33.9%,10.3%,5.96,5.22,5.76,-0.2
27,27,DET,Buck Farmer,30,36,0,35.1,21.6%,12.3%,2.29,0.313,76.8%,37.0%,20.5%,6.37,6.59,5.48,-0.5
28,28,DET,Bryan Garcia,26,39,0,39.1,16.7%,13.0%,2.29,0.309,60.7%,35.1%,18.2%,7.55,6.91,6.07,-0.9
29,29,DET,Team Total,28,739,162,1419.2,20.4%,9.3%,1.26,0.289,72.6%,44.5%,13.2%,4.32,4.6,4.65,10.2
0,0,HOU,Lance McCullers Jr.,27,28,28,162.1,27.0%,11.1%,0.72,0.273,78.5%,56.4%,11.7%,3.16,3.52,3.69,3.3
1,1,HOU,Luis Garcia,24,30,28,155.1,26.4%,7.9%,1.1,0.289,77.8%,38.5%,11.4%,3.48,3.63,3.93,3.1
2,2,HOU,Ryan Pressly,32,64,0,64.0,32.4%,5.2%,0.56,0.296,76.2%,55.5%,9.3%,2.25,2.06,2.43,2.4
3,3,HOU,Framber Valdez,27,22,22,134.2,21.9%,10.1%,0.8,0.268,78.3%,70.3%,21.4%,3.14,4.01,3.58,1.9
4,4,HOU,Jose Urquidy,26,20,20,107.0,21.3%,4.5%,1.43,0.237,77.2%,32.2%,12.1%,3.62,4.14,4.39,1.8
5,5,HOU,Zack Greinke,37,30,29,171.0,17.2%,5.2%,1.58,0.263,75.0%,44.4%,17.4%,4.16,4.71,4.21,1.3
6,6,HOU,Jake Odorizzi,31,24,23,104.2,20.6%,7.7%,1.38,0.273,74.4%,35.3%,11.6%,4.21,4.48,4.82,1.1
7,7,HOU,Brooks Raley,33,58,0,49.0,31.7%,7.8%,1.1,0.322,59.7%,45.3%,17.6%,4.78,3.27,2.9,0.8
8,8,HOU,Cristian Javier,24,36,9,101.1,30.7%,12.5%,1.42,0.234,82.2%,27.6%,14.2%,3.55,4.43,4.35,0.7
9,9,HOU,Ryne Stanek,29,72,0,68.1,28.6%,12.8%,1.05,0.242,72.9%,33.7%,10.5%,3.42,4.11,4.55,0.4
10,10,HOU,Yimi Garcia,30,23,0,21.1,29.1%,5.8%,1.27,0.283,42.6%,41.8%,16.7%,5.48,3.36,3.02,0.3
11,11,HOU,Kendall Graveman,30,23,0,23.0,26.7%,11.9%,0.39,0.339,81.5%,56.1%,8.3%,3.13,3.6,3.96,0.3
12,12,HOU,Brandon Bielak,25,28,2,50.0,21.1%,9.6%,0.9,0.301,66.2%,43.8%,10.4%,4.5,4.07,4.46,0.2
13,13,HOU,Rafael Montero,30,4,0,6.0,23.8%,9.5%,0.0,0.214,80.0%,53.8%,0.0%,0.0,2.5,3.68,0.1
14,14,HOU,Peter Solomon,24,6,0,14.0,18.2%,14.5%,0.0,0.27,88.9%,54.1%,0.0%,1.29,3.46,4.72,0.1
15,15,HOU,Phil Maton,28,27,0,25.1,20.2%,10.1%,0.71,0.346,70.4%,38.5%,6.7%,4.97,4.08,5.14,0.1
16,16,HOU,Bryan Abreu,24,31,0,36.0,22.4%,11.2%,1.0,0.31,59.5%,48.1%,12.1%,5.75,4.36,4.54,0.1
17,17,HOU,Blake Taylor,25,51,0,42.2,21.8%,11.7%,1.27,0.269,79.5%,40.7%,10.9%,3.16,4.62,5.07,0.1
18,18,HOU,Josh James,28,5,0,5.0,38.1%,9.5%,1.8,0.3,65.2%,54.5%,25.0%,5.4,3.77,2.58,0.0
19,19,HOU,Seth Martinez,26,3,0,3.0,18.8%,18.8%,0.0,0.5,37.5%,30.0%,0.0%,15.0,4.17,6.52,0.0
20,20,HOU,Pedro Baez,33,4,0,4.1,33.3%,6.7%,2.08,0.125,100.0%,44.4%,25.0%,2.08,4.55,3.18,0.0
21,21,HOU,Tyler Ivey,25,1,1,4.2,15.0%,5.0%,1.93,0.333,53.6%,31.3%,12.5%,7.71,5.31,5.55,0.0
22,22,HOU,Ralph Garza,27,9,0,11.0,28.6%,14.3%,1.64,0.346,78.9%,25.0%,14.3%,4.09,4.9,4.78,0.0
23,23,HOU,Ryan Hartman,27,1,0,2.1,20.0%,0.0%,3.86,0.286,100.0%,25.0%,25.0%,3.86,7.03,4.48,-0.1
24,24,HOU,Joe Smith,37,27,0,21.2,16.5%,3.9%,1.66,0.413,65.9%,46.1%,23.5%,7.48,4.97,3.95,-0.1
25,25,HOU,Robel Garcia,28,1,0,1.0,0.0%,0.0%,18.0,0.5,45.5%,12.5%,50.0%,36.0,29.17,10.23,-0.1
26,26,HOU,Kent Emanuel,29,10,0,17.2,19.1%,5.9%,2.04,0.174,100.0%,50.0%,23.5%,2.55,5.49,4.25,-0.1
27,27,HOU,Enoli Paredes,25,12,0,8.2,28.3%,32.1%,0.0,0.368,61.5%,47.4%,0.0%,6.23,6.29,7.51,-0.1
28,28,HOU,Nivaldo Rodriguez,24,4,0,7.1,9.7%,12.9%,2.45,0.105,100.0%,57.1%,40.0%,2.45,8.76,6.42,-0.2
29,29,HOU,Austin Pruitt,31,2,0,2.2,8.3%,0.0%,6.75,0.125,100.0%,30.0%,28.6%,6.75,13.3,8.18,-0.2
30,30,HOU,Andre Scrubb,26,18,0,19.2,24.4%,16.3%,2.29,0.217,81.8%,31.4%,19.2%,5.03,6.48,5.5,-0.3
31,31,HOU,Team Total,28,674,162,1445.0,24.0%,9.1%,1.16,0.275,75.1%,44.7%,13.6%,3.8,4.12,4.12,16.9
0,0,KC,Mike Minor,33,28,28,158.2,22.3%,6.1%,1.47,0.29,66.4%,38.4%,13.4%,5.05,4.29,4.32,2.3
1,1,KC,Scott Barlow,28,71,0,74.1,29.7%,9.2%,0.48,0.315,83.1%,38.9%,5.7%,2.42,2.63,3.59,2.1
2,2,KC,Brady Singer,24,27,27,128.1,22.4%,9.0%,0.98,0.35,67.8%,49.9%,13.0%,4.91,4.04,4.11,2.0
3,3,KC,Danny Duffy,32,13,12,61.0,25.8%,8.7%,0.89,0.289,83.8%,33.3%,8.2%,2.51,3.4,4.23,1.6
4,4,KC,Brad Keller,25,26,26,133.2,19.6%,10.4%,1.21,0.347,68.7%,47.8%,14.9%,5.39,4.72,4.57,1.1
5,5,KC,Josh Staumont,27,64,0,65.2,27.3%,10.2%,0.82,0.236,75.5%,38.0%,8.2%,2.88,3.49,4.26,1.0
6,6,KC,Carlos Hernandez,24,24,11,85.2,20.7%,11.5%,0.74,0.267,74.9%,39.5%,7.3%,3.68,4.08,5.0,1.0
7,7,KC,Daniel Lynch,24,15,15,68.0,17.7%,10.0%,1.19,0.335,67.4%,38.8%,11.0%,5.69,4.82,5.22,0.5
8,8,KC,Domingo Tapia,29,32,0,31.2,20.2%,11.3%,0.28,0.238,74.4%,45.9%,3.7%,2.84,3.33,4.42,0.5
9,9,KC,Jakob Junis,28,16,6,39.1,24.4%,7.1%,1.6,0.333,68.6%,41.7%,16.7%,5.26,4.31,3.88,0.5
10,10,KC,Kris Bubic,23,29,20,130.0,20.5%,10.6%,1.52,0.28,76.8%,46.9%,18.3%,4.43,5.14,4.57,0.3
11,11,KC,Jake Brentz,26,72,0,64.0,27.3%,13.3%,0.98,0.25,71.6%,49.0%,13.0%,3.66,4.23,4.3,0.2
12,12,KC,Joel Payamps,27,15,1,20.1,18.6%,3.5%,1.33,0.313,64.2%,40.9%,11.5%,4.43,3.96,4.29,0.2
13,13,KC,Dylan Coleman,24,5,0,6.1,28.0%,4.0%,0.0,0.294,83.3%,23.5%,0.0%,1.42,1.43,3.94,0.2
14,14,KC,Richard Lovelady,25,20,0,20.2,27.4%,7.1%,1.31,0.255,74.5%,56.6%,20.0%,3.48,3.85,3.24,0.2
15,15,KC,Gabe Speier,26,7,0,7.2,15.2%,0.0%,0.0,0.37,72.7%,44.4%,0.0%,1.17,2.26,4.1,0.2
16,16,KC,Angel Zerpa,21,1,1,5.0,20.0%,5.0%,0.0,0.2,50.0%,42.9%,0.0%,0.0,2.17,3.23,0.2
17,17,KC,Ronald Bolanos,24,3,0,6.1,40.0%,8.0%,0.0,0.308,83.3%,38.5%,0.0%,1.42,0.96,2.63,0.2
18,18,KC,Ervin Santana,38,38,2,65.1,18.8%,7.9%,1.24,0.292,70.7%,35.7%,11.0%,4.68,4.47,4.89,0.1
19,19,KC,Hanser Alberto,28,1,0,0.1,0.0%,0.0%,0.0,0.0,100.0%,0.0%,0.0%,0.0,3.17,8.46,0.0
20,20,KC,Scott Blewett,25,3,0,5.0,19.0%,23.8%,0.0,0.25,87.5%,41.7%,0.0%,1.8,4.57,6.69,0.0
21,21,KC,Jon Heasley,24,3,3,14.2,10.2%,5.1%,1.84,0.267,75.9%,45.8%,15.8%,4.91,6.03,5.66,0.0
22,22,KC,Anthony Swarzak,35,7,0,7.2,14.3%,0.0%,3.52,0.385,61.2%,24.1%,25.0%,9.39,7.34,5.02,-0.1
23,23,KC,Kyle Zimmer,29,52,2,54.0,20.6%,13.5%,1.17,0.279,66.5%,52.4%,13.2%,4.83,4.82,4.86,-0.2
24,24,KC,Jake Newberry,26,4,0,4.1,20.8%,12.5%,4.15,0.571,49.0%,31.3%,50.0%,16.62,8.94,4.57,-0.2
25,25,KC,Greg Holland,35,57,0,55.2,21.8%,10.7%,1.46,0.26,69.4%,41.6%,14.8%,4.85,4.82,4.65,-0.2
26,26,KC,Jackson Kowar,24,9,8,30.1,18.8%,13.0%,2.08,0.375,48.9%,35.0%,17.1%,11.27,6.43,5.82,-0.3
27,27,KC,Wade Davis,35,40,0,42.2,20.0%,10.0%,1.69,0.293,59.5%,34.9%,14.0%,6.75,5.3,5.22,-0.3
28,28,KC,Tyler Zuber,26,31,0,27.1,20.3%,13.8%,1.98,0.27,67.4%,33.8%,17.6%,6.26,6.17,5.51,-0.3
29,29,KC,Jesse Hahn,31,5,0,3.1,15.8%,21.1%,5.4,0.333,69.4%,45.5%,66.7%,13.5,13.67,7.46,-0.4
30,30,KC,Team Total,28,718,162,1417.1,21.9%,9.6%,1.2,0.301,70.3%,42.2%,12.6%,4.64,4.39,4.52,12.5
0,0,LAA,Shohei Ohtani,26,23,23,130.1,29.3%,8.3%,1.04,0.269,79.4%,45.0%,13.3%,3.18,3.52,3.55,3.0
1,1,LAA,Alex Cobb,33,18,18,93.1,24.9%,8.4%,0.48,0.315,65.8%,53.3%,8.2%,3.76,2.92,3.38,2.5
2,2,LAA,Raisel Iglesias,31,65,0,70.0,37.7%,4.4%,1.41,0.288,81.0%,39.4%,18.3%,2.57,2.83,2.3,2.0
3,3,LAA,Andrew Heaney,30,18,18,94.0,28.2%,7.7%,1.53,0.319,67.6%,33.5%,15.4%,5.27,4.06,3.8,1.5
4,4,LAA,Patrick Sandoval,24,17,14,87.0,25.9%,9.9%,1.14,0.266,75.9%,51.1%,15.9%,3.62,4.03,3.79,1.5
5,5,LAA,Jose Suarez,23,23,14,98.1,20.6%,8.7%,1.01,0.267,73.0%,48.1%,11.8%,3.75,4.12,4.33,1.3
6,6,LAA,Steve Cishek,35,74,0,68.1,20.8%,13.3%,0.26,0.303,72.2%,49.7%,3.1%,3.42,3.74,5.04,0.9
7,7,LAA,Austin Warren,25,16,0,20.1,23.8%,6.0%,0.0,0.276,77.3%,53.4%,0.0%,1.77,2.09,3.74,0.7
8,8,LAA,Mike Mayers,29,72,2,75.0,28.6%,8.3%,1.32,0.324,80.4%,37.0%,13.8%,3.84,3.84,3.81,0.7
9,9,LAA,Jose Quintana,32,24,10,53.1,28.7%,11.4%,1.52,0.401,61.2%,45.6%,19.1%,6.75,4.31,3.67,0.5
10,10,LAA,Chris Rodriguez,22,15,2,29.2,21.6%,11.2%,0.0,0.326,70.2%,54.7%,0.0%,3.64,3.14,4.33,0.5
11,11,LAA,Jose Quijada,25,26,0,25.2,34.5%,13.6%,0.7,0.333,66.3%,39.3%,9.5%,4.56,3.09,3.52,0.5
12,12,LAA,Jaime Barria,24,13,11,56.2,14.0%,7.6%,1.27,0.333,77.7%,43.5%,12.5%,4.61,4.88,5.04,0.5
13,13,LAA,Jimmy Herget,27,14,0,14.2,30.0%,6.7%,0.0,0.417,66.7%,45.7%,0.0%,4.3,1.94,3.15,0.4
14,14,LAA,Tony Watson,36,36,0,33.0,18.5%,10.4%,0.82,0.237,60.3%,51.1%,11.5%,4.64,4.11,4.32,0.2
15,15,LAA,Andrew Wantz,25,21,0,27.1,31.7%,9.2%,1.65,0.286,66.7%,29.9%,13.9%,4.94,4.3,4.25,0.2
16,16,LAA,Griffin Canning,25,14,13,62.2,22.4%,10.1%,2.01,0.297,71.2%,35.1%,18.4%,5.6,5.48,4.72,0.1
17,17,LAA,AJ Ramos,34,4,0,4.2,18.8%,12.5%,0.0,0.0,100.0%,36.4%,0.0%,0.0,3.17,5.82,0.1
18,18,LAA,Jhonathan Diaz,24,3,2,13.0,15.3%,11.9%,0.69,0.244,73.9%,42.9%,6.3%,4.15,4.63,5.8,0.1
19,19,LAA,James Hoyt,34,9,0,8.0,23.9%,15.2%,0.0,0.462,52.4%,34.6%,0.0%,6.75,3.8,6.22,0.0
20,20,LAA,Cooper Criswell,24,1,1,1.1,0.0%,0.0%,0.0,0.6,50.0%,60.0%,0.0%,20.25,3.17,4.49,0.0
21,21,LAA,Dylan Bundy,28,23,19,90.2,21.2%,8.6%,1.99,0.273,64.4%,40.7%,19.2%,6.06,5.51,4.66,0.0
22,22,LAA,Sam Selman,30,18,0,17.0,14.3%,10.4%,0.53,0.283,56.4%,25.9%,4.2%,6.35,4.76,6.48,0.0
23,23,LAA,Adam Eaton,32,1,0,1.0,0.0%,0.0%,0.0,0.4,100.0%,60.0%,0.0%,0.0,3.17,6.7,0.0
24,24,LAA,Oliver Ortega,24,8,0,9.1,10.3%,5.1%,0.96,0.355,73.5%,75.0%,12.5%,4.82,4.67,4.79,0.0
25,25,LAA,Junior Guerra,36,41,1,65.1,19.9%,15.0%,0.83,0.319,66.0%,46.7%,9.4%,6.06,4.75,5.28,0.0
26,26,LAA,Jose Marte,25,4,0,4.0,27.8%,16.7%,2.25,0.333,35.7%,50.0%,25.0%,9.0,6.17,4.68,0.0
27,27,LAA,Felix Pena,31,2,0,1.2,12.5%,25.0%,0.0,0.7,36.4%,20.0%,0.0%,37.8,7.97,11.15,0.0
28,28,LAA,Anthony Bemboom,31,1,0,1.0,0.0%,0.0%,9.0,0.333,62.5%,28.6%,50.0%,18.0,16.17,6.7,-0.1
29,29,LAA,Kyle Tyler,24,5,0,12.1,11.5%,11.5%,0.73,0.189,82.2%,39.5%,5.6%,2.92,5.2,6.72,-0.1
30,30,LAA,Noe Ramirez,31,2,0,3.1,0.0%,6.7%,2.7,0.308,87.0%,35.7%,16.7%,5.4,7.97,7.25,-0.1
31,31,LAA,Elvis Peguero,24,3,0,2.1,0.0%,17.6%,0.0,0.538,36.4%,38.5%,0.0%,27.0,8.31,11.34,-0.1
32,32,LAA,Ben Rowen,32,8,0,11.1,16.3%,4.1%,2.38,0.265,67.8%,37.8%,17.6%,5.56,6.26,5.46,-0.1
33,33,LAA,Janson Junk,25,4,4,16.1,14.1%,2.8%,2.76,0.278,73.3%,37.9%,20.8%,3.86,6.29,4.91,-0.1
34,34,LAA,Packy Naughton,25,7,5,22.2,11.1%,13.0%,1.19,0.308,63.5%,51.3%,16.7%,6.35,5.82,5.5,-0.1
35,35,LAA,Reid Detmers,21,5,5,20.2,18.8%,10.9%,2.18,0.328,68.8%,33.8%,16.1%,7.4,6.36,5.86,-0.2
36,36,LAA,Alex Claudio,29,41,0,32.2,20.3%,10.1%,1.65,0.32,68.8%,52.0%,26.1%,5.51,5.1,3.95,-0.2
37,37,LAA,Jake Petricka,33,7,0,6.0,25.0%,21.9%,1.5,0.333,31.7%,56.3%,20.0%,15.0,6.67,5.97,-0.2
38,38,LAA,Hunter Strickland,32,9,0,6.1,11.8%,11.8%,4.26,0.348,55.6%,36.0%,27.3%,9.95,9.96,6.87,-0.2
39,39,LAA,Aaron Slegers,28,29,0,31.0,16.8%,10.1%,1.74,0.363,69.2%,57.9%,23.1%,6.97,5.62,4.59,-0.4
40,40,LAA,Team Total,28,724,162,1421.2,23.5%,9.6%,1.19,0.305,69.6%,44.5%,13.5%,4.69,4.25,4.26,15.4
0,0,LAD,Walker Buehler,26,33,33,207.2,26.0%,6.4%,0.82,0.247,80.9%,44.7%,10.1%,2.47,3.16,3.57,5.5
1,1,LAD,Julio Urias,24,32,32,185.2,26.2%,5.1%,0.92,0.272,76.2%,40.2%,9.4%,2.96,3.13,3.73,5.0
2,2,LAD,Clayton Kershaw,33,22,22,121.2,29.5%,4.3%,1.11,0.289,71.7%,48.5%,14.7%,3.55,3.0,2.87,3.4
3,3,LAD,Max Scherzer,36,11,11,68.1,33.6%,3.0%,0.66,0.267,80.4%,35.2%,6.8%,1.98,1.96,2.89,2.9
4,4,LAD,Blake Treinen,33,72,0,72.1,29.7%,8.7%,0.62,0.244,80.6%,52.6%,9.6%,1.99,2.88,3.25,1.8
5,5,LAD,Kenley Jansen,33,69,0,69.0,30.9%,12.9%,0.52,0.213,77.5%,37.1%,6.0%,2.22,3.08,4.04,1.8
6,6,LAD,Trevor Bauer,30,17,17,107.2,31.7%,8.6%,1.59,0.22,88.9%,33.5%,16.0%,2.59,4.03,3.69,1.8
7,7,LAD,Jimmy Nelson,32,28,1,29.0,37.9%,11.2%,0.0,0.255,74.2%,37.0%,0.0%,1.86,1.89,3.42,1.0
8,8,LAD,Joe Kelly,33,48,0,44.0,27.5%,8.2%,0.61,0.227,72.4%,58.9%,12.5%,2.86,3.08,3.16,0.7
9,9,LAD,David Price,35,39,11,73.2,17.8%,8.0%,0.98,0.309,75.7%,50.4%,11.4%,4.03,4.23,4.49,0.7
10,10,LAD,Corey Knebel,29,27,4,25.2,29.7%,8.9%,0.7,0.233,76.6%,45.9%,10.0%,2.45,2.9,3.26,0.6
11,11,LAD,Mitch White,26,21,4,46.2,24.9%,8.6%,1.16,0.256,57.9%,47.7%,13.6%,3.66,3.83,3.83,0.5
12,12,LAD,Phil Bickford,25,56,0,50.1,29.5%,9.0%,1.07,0.243,83.3%,47.9%,14.6%,2.5,3.57,3.45,0.5
13,13,LAD,Dustin May,23,5,5,23.0,37.6%,6.5%,1.57,0.255,86.2%,56.0%,40.0%,2.74,3.3,1.81,0.5
14,14,LAD,Tony Gonsolin,27,15,13,55.2,27.2%,14.2%,1.29,0.25,86.2%,36.5%,12.9%,3.23,4.54,4.63,0.5
15,15,LAD,Brusdar Graterol,22,34,1,33.1,18.0%,8.7%,0.54,0.311,69.1%,58.3%,10.5%,4.59,3.95,4.18,0.3
16,16,LAD,Alex Vesia,25,41,0,40.0,33.5%,13.7%,1.35,0.143,73.6%,25.3%,11.3%,2.25,4.22,4.61,0.2
17,17,LAD,Evan Phillips,26,7,0,10.1,19.6%,10.9%,0.0,0.258,64.3%,54.8%,0.0%,3.48,3.17,4.19,0.2
18,18,LAD,Justin Bruihl,24,21,2,18.2,15.1%,9.6%,0.48,0.226,71.4%,50.0%,5.6%,2.89,3.97,4.98,0.1
19,19,LAD,Andrew Vasquez,27,2,0,1.2,50.0%,0.0%,0.0,0.333,0.0%,100.0%,0.0%,0.0,-0.43,-0.43,0.1
20,20,LAD,Victor Gonzalez,25,44,1,35.1,21.3%,12.3%,0.76,0.299,80.3%,55.7%,15.0%,3.57,4.27,4.17,0.1
21,21,LAD,Edwin Uceta,23,14,1,20.1,27.2%,13.0%,1.33,0.308,48.5%,32.1%,11.1%,6.64,4.4,4.82,0.1
22,22,LAD,Andre Jackson,25,3,0,11.2,20.0%,12.0%,0.77,0.273,89.0%,29.0%,6.3%,2.31,4.11,5.42,0.1
23,23,LAD,Neftali Feliz,33,3,0,3.0,10.0%,0.0%,0.0,0.111,100.0%,44.4%,0.0%,0.0,2.5,4.86,0.1
24,24,LAD,Conner Greene,26,2,0,2.0,25.0%,0.0%,0.0,0.333,100.0%,33.3%,0.0%,0.0,1.17,3.82,0.0
25,25,LAD,Yefry Ramirez,27,1,0,2.0,33.3%,16.7%,0.0,0.0,100.0%,66.7%,0.0%,0.0,2.67,2.67,0.0
26,26,LAD,Kevin Quackenbush,32,1,0,0.1,25.0%,0.0%,0.0,1.0,66.7%,66.7%,0.0%,27.0,-2.83,-2.83,0.0
27,27,LAD,Justin Turner,36,1,0,1.0,0.0%,0.0%,0.0,0.4,100.0%,40.0%,0.0%,0.0,3.17,6.7,0.0
28,28,LAD,Jake Reed,28,6,1,5.1,20.8%,8.3%,1.69,0.25,71.4%,37.5%,14.3%,3.38,4.86,4.74,0.0
29,29,LAD,Scott Alexander,31,18,0,15.1,11.9%,6.0%,1.17,0.25,81.4%,61.1%,16.7%,2.93,4.8,4.49,0.0
30,30,LAD,Andy Burns,30,1,0,1.0,16.7%,0.0%,9.0,0.5,62.5%,20.0%,100.0%,18.0,14.17,2.93,-0.1
31,31,LAD,Jimmie Sherfy,29,4,0,4.1,17.6%,0.0%,2.08,0.167,38.5%,53.8%,25.0%,4.15,5.48,4.11,-0.1
32,32,LAD,Mike Kickham,32,1,0,2.0,16.7%,8.3%,4.5,0.571,71.4%,50.0%,33.3%,13.5,10.67,6.82,-0.1
33,33,LAD,Dennis Santana,25,16,0,15.0,10.8%,14.9%,0.0,0.346,65.6%,54.9%,0.0%,6.0,4.9,6.2,-0.1
34,34,LAD,Shane Greene,32,9,0,6.2,23.3%,16.7%,1.35,0.143,83.3%,53.3%,16.7%,4.05,6.62,6.26,-0.1
35,35,LAD,Josiah Gray,23,2,1,8.0,37.1%,14.3%,4.5,0.231,93.8%,29.4%,44.4%,6.75,8.3,3.78,-0.2
36,36,LAD,Darien Nunez,28,6,1,7.2,24.2%,12.1%,3.52,0.278,51.3%,47.6%,27.3%,8.22,7.74,5.18,-0.3
37,37,LAD,Garrett Cleavinger,27,22,1,18.0,25.0%,14.3%,2.0,0.348,80.3%,49.0%,23.5%,3.0,5.89,4.67,-0.3
38,38,LAD,Nate Jones,35,8,0,8.2,18.9%,5.4%,4.15,0.167,22.7%,39.3%,40.0%,8.31,8.25,4.28,-0.3
39,39,LAD,Team Total,28,762,162,1452.0,26.9%,8.2%,1.0,0.26,76.5%,44.5%,11.8%,3.03,3.54,3.75,26.9
0,0,MIA,Trevor Rogers,23,25,25,133.0,28.5%,8.4%,0.41,0.301,74.9%,40.1%,5.0%,2.64,2.55,3.54,4.2
1,1,MIA,Sandy Alcantara,25,33,33,205.2,24.0%,6.0%,0.92,0.27,72.4%,53.3%,13.3%,3.19,3.42,3.45,4.2
2,2,MIA,Pablo Lopez,25,20,20,102.2,27.5%,6.2%,0.96,0.301,79.7%,47.0%,13.3%,3.07,3.29,3.32,2.3
3,3,MIA,Dylan Floro,30,68,0,64.0,23.0%,9.3%,0.28,0.282,70.5%,49.2%,3.6%,2.81,2.81,3.95,1.5
4,4,MIA,Zach Thompson,27,26,14,75.0,21.0%,8.9%,0.72,0.269,68.9%,43.4%,7.1%,3.24,3.69,4.65,1.3
5,5,MIA,Richard Bleier,34,68,0,58.0,19.6%,2.7%,0.62,0.28,73.5%,65.5%,16.0%,2.95,3.01,2.88,1.0
6,6,MIA,Anthony Bender,26,60,1,61.1,28.7%,8.1%,0.73,0.276,76.6%,49.7%,12.2%,2.79,3.19,3.31,1.0
7,7,MIA,John Curtiss,28,35,2,40.0,24.8%,5.6%,0.9,0.28,80.7%,39.1%,10.5%,2.48,3.22,3.6,0.5
8,8,MIA,Adam Cimber,30,33,0,34.1,15.0%,7.9%,0.0,0.291,69.6%,49.5%,0.0%,2.88,3.34,4.89,0.5
9,9,MIA,Zach Pop,24,50,0,54.2,20.7%,9.8%,0.49,0.319,69.7%,57.6%,7.7%,4.12,3.77,4.32,0.3
10,10,MIA,Braxton Garrett,23,8,7,34.0,20.1%,12.6%,0.79,0.382,73.6%,38.4%,11.1%,5.03,4.38,4.63,0.3
11,11,MIA,Steven Okert,29,34,0,36.0,28.2%,10.6%,1.25,0.218,85.3%,31.7%,11.9%,2.75,4.34,4.59,0.1
12,12,MIA,Jesus Luzardo,23,12,12,57.1,22.0%,12.1%,1.41,0.317,65.9%,37.5%,14.3%,6.44,5.07,4.97,0.1
13,13,MIA,Jordan Holloway,25,13,4,36.0,22.8%,16.5%,0.75,0.215,67.0%,40.6%,7.9%,4.0,4.42,5.2,0.1
14,14,MIA,Yimi Garcia,30,39,0,36.1,23.2%,8.6%,1.24,0.268,71.1%,39.0%,13.5%,3.47,4.19,4.2,0.1
15,15,MIA,Austin Pruitt,31,4,0,4.2,23.5%,0.0%,0.0,0.308,75.0%,41.7%,0.0%,1.93,1.46,2.59,0.1
16,16,MIA,Sean Guenther,25,14,0,20.1,14.6%,9.7%,0.44,0.4,50.5%,47.2%,4.5%,9.3,4.1,5.37,0.1
17,17,MIA,Bryan Mitchell,30,2,0,4.0,22.2%,11.1%,0.0,0.417,71.4%,58.3%,0.0%,4.5,2.67,4.43,0.1
18,18,MIA,Daniel Castano,26,5,4,20.1,14.1%,8.7%,1.33,0.284,70.9%,38.8%,13.0%,4.87,5.14,5.21,0.0
19,19,MIA,Andrew Bellatti,29,3,0,3.1,21.1%,10.5%,0.0,0.462,37.5%,30.8%,0.0%,13.5,2.57,4.69,0.0
20,20,MIA,Elieser Hernandez,26,11,11,51.2,23.6%,6.2%,2.26,0.289,85.2%,38.4%,20.0%,4.18,5.38,4.33,0.0
21,21,MIA,Ross Detwiler,35,46,5,45.1,28.0%,7.5%,1.59,0.289,71.4%,39.7%,16.7%,4.96,4.45,4.02,0.0
22,22,MIA,Cody Poteet,26,7,7,30.2,24.2%,12.1%,2.05,0.234,76.9%,32.9%,17.5%,4.99,5.62,4.95,0.0
23,23,MIA,Jorge Guzman,25,2,0,1.2,20.0%,40.0%,0.0,0.667,40.0%,33.3%,0.0%,32.4,10.37,12.49,-0.1
24,24,MIA,Shawn Morimando,28,4,0,10.1,16.7%,9.3%,1.74,0.421,59.4%,37.5%,13.3%,9.58,5.4,5.44,-0.1
25,25,MIA,Preston Guilmet,33,2,0,2.0,14.3%,0.0%,4.5,0.2,100.0%,16.7%,50.0%,4.5,8.67,3.93,-0.1
26,26,MIA,Taylor Williams,29,6,0,6.1,9.4%,15.6%,1.42,0.348,63.5%,41.7%,11.1%,7.11,6.64,7.1,-0.1
27,27,MIA,Paul Campbell,25,16,1,26.2,21.0%,8.1%,1.69,0.333,54.1%,41.7%,15.2%,6.41,5.01,4.75,-0.1
28,28,MIA,Sandy Leon,32,6,0,6.0,7.7%,3.8%,4.5,0.2,78.9%,39.1%,25.0%,7.5,9.5,6.53,-0.2
29,29,MIA,Nick Neidert,24,8,7,35.2,13.4%,14.6%,1.01,0.26,76.8%,36.2%,8.3%,4.54,5.81,6.72,-0.2
30,30,MIA,Luis Madero,24,6,0,12.0,7.1%,14.3%,2.25,0.25,56.2%,25.6%,10.7%,9.0,8.0,8.87,-0.2
31,31,MIA,Edward Cabrera,23,7,7,26.1,23.3%,15.8%,2.05,0.286,69.9%,41.8%,27.3%,5.81,6.63,5.14,-0.4
32,32,MIA,Anthony Bass,33,70,1,61.1,22.3%,9.2%,1.61,0.268,73.6%,43.7%,18.3%,3.82,4.93,4.33,-0.4
33,33,MIA,David Hess,27,14,1,18.0,18.4%,11.5%,3.5,0.321,67.5%,22.0%,21.9%,8.0,8.28,6.36,-0.8
34,34,MIA,Team Total,27,757,162,1415.0,22.9%,8.8%,1.03,0.29,71.6%,44.6%,12.0%,3.96,4.01,4.21,15.1
0,0,MIL,Corbin Burnes,26,28,28,167.0,35.6%,5.2%,0.38,0.309,75.7%,48.8%,6.1%,2.43,1.63,2.3,7.5
1,1,MIL,Brandon Woodruff,28,30,30,179.1,29.8%,6.1%,0.9,0.261,81.4%,41.5%,12.7%,2.56,2.96,3.05,4.7
2,2,MIL,Freddy Peralta,25,28,27,144.1,33.6%,9.7%,0.87,0.23,79.1%,33.0%,9.5%,2.81,3.12,3.66,4.0
3,3,MIL,Josh Hader,27,60,0,58.2,45.5%,10.7%,0.46,0.237,91.9%,30.5%,6.8%,1.23,1.69,2.35,2.6
4,4,MIL,Eric Lauer,26,24,20,118.2,23.9%,8.4%,1.21,0.249,79.4%,35.8%,12.0%,3.19,4.04,4.26,1.7
5,5,MIL,Adrian Houser,28,28,26,142.1,17.5%,10.7%,0.76,0.259,74.6%,59.0%,13.8%,3.22,4.33,4.31,1.5
6,6,MIL,Devin Williams,26,58,0,54.0,38.5%,12.4%,0.83,0.298,83.1%,45.4%,12.5%,2.5,2.82,2.92,1.4
7,7,MIL,Brett Anderson,33,24,24,96.0,14.2%,6.8%,1.03,0.294,68.6%,57.5%,16.9%,4.22,4.39,4.09,0.9
8,8,MIL,Brad Boxberger,33,71,0,64.2,31.2%,9.4%,1.11,0.25,76.8%,37.4%,12.7%,3.34,3.65,3.76,0.8
9,9,MIL,Brent Suter,31,61,1,73.1,22.0%,7.7%,1.1,0.3,74.6%,52.6%,14.5%,3.07,3.91,3.8,0.5
10,10,MIL,Aaron Ashby,23,13,4,31.2,29.3%,9.0%,1.14,0.273,55.6%,61.3%,20.0%,4.55,3.58,3.05,0.4
11,11,MIL,Hunter Strickland,32,35,0,36.1,26.8%,8.5%,0.99,0.198,91.8%,31.5%,8.5%,1.73,3.67,4.52,0.4
12,12,MIL,Jake Cousins,26,30,0,30.0,35.2%,15.2%,0.9,0.236,86.2%,47.4%,14.3%,2.7,3.84,3.77,0.2
13,13,MIL,J.P. Feyereisen,28,21,0,19.1,26.0%,14.3%,0.93,0.182,65.9%,47.7%,11.8%,3.26,4.15,4.36,0.1
14,14,MIL,Trevor Richards,28,15,0,19.2,30.5%,11.0%,1.37,0.267,85.9%,19.1%,11.5%,3.2,3.98,4.33,0.1
15,15,MIL,Drew Rasmussen,25,15,0,17.0,32.5%,15.6%,1.06,0.289,63.1%,30.0%,13.3%,4.24,3.88,3.9,0.1
16,16,MIL,Blaine Hardy,34,1,0,1.0,14.3%,14.3%,0.0,0.6,25.0%,50.0%,0.0%,18.0,4.17,5.93,0.0
17,17,MIL,Jace Peterson,31,2,0,2.0,18.2%,9.1%,0.0,0.5,60.0%,50.0%,0.0%,9.0,2.67,3.55,0.0
18,18,MIL,Ryan Weber,30,1,0,1.0,0.0%,0.0%,0.0,0.333,100.0%,100.0%,0.0%,0.0,3.17,3.17,0.0
19,19,MIL,Daniel Robertson,27,1,0,1.0,0.0%,0.0%,0.0,0.25,100.0%,50.0%,0.0%,0.0,3.17,6.7,0.0
20,20,MIL,John Axford,38,1,0,0.1,0.0%,20.0%,0.0,0.667,50.0%,33.3%,0.0%,54.0,21.17,26.46,0.0
21,21,MIL,Jandel Gustave,28,14,0,18.1,16.5%,6.3%,0.98,0.236,66.0%,45.6%,11.8%,3.44,4.64,4.86,0.0
22,22,MIL,Colin Rea,30,1,0,6.0,20.8%,0.0%,3.0,0.294,47.6%,21.1%,16.7%,7.5,5.84,5.03,0.0
23,23,MIL,Patrick Weigel,26,3,0,4.0,42.9%,19.0%,2.25,0.5,92.1%,42.9%,33.3%,4.5,5.67,3.74,0.0
24,24,MIL,Luke Maile,30,1,0,1.0,0.0%,0.0%,9.0,0.25,100.0%,60.0%,50.0%,9.0,16.17,6.7,-0.1
25,25,MIL,Jordan Zimmermann,35,2,0,5.2,0.0%,7.7%,1.59,0.318,62.5%,52.2%,14.3%,7.94,7.05,6.94,-0.1
26,26,MIL,Phil Bickford,25,1,0,1.0,0.0%,14.3%,9.0,0.25,76.9%,20.0%,33.3%,18.0,22.17,14.46,-0.1
27,27,MIL,Miguel Sanchez,27,28,0,26.0,19.2%,11.7%,1.38,0.299,77.5%,39.2%,15.4%,4.15,5.25,5.01,-0.2
28,28,MIL,Justin Topa,30,4,0,3.1,4.3%,4.3%,5.4,0.526,19.6%,42.9%,22.2%,29.7,11.27,8.23,-0.2
29,29,MIL,Alec Bettinger,25,4,1,10.0,9.8%,5.9%,2.7,0.385,39.3%,39.0%,23.1%,13.5,7.27,5.66,-0.2
30,30,MIL,Sal Romano,27,1,0,1.0,0.0%,0.0%,9.0,0.5,0.0%,57.1%,50.0%,27.0,16.17,6.7,-0.2
31,31,MIL,Angel Perdomo,27,19,0,17.0,35.4%,20.3%,2.12,0.276,73.8%,40.6%,25.0%,6.35,6.11,4.71,-0.2
32,32,MIL,Hoby Milner,30,19,0,21.2,30.3%,3.0%,3.32,0.393,84.0%,25.4%,32.0%,5.4,5.89,3.13,-0.2
33,33,MIL,Zack Godley,31,2,1,3.1,25.0%,25.0%,5.4,0.286,41.7%,40.0%,50.0%,16.2,13.37,7.69,-0.3
34,34,MIL,John Curtiss,28,6,0,4.1,15.4%,11.5%,4.15,0.353,36.6%,47.4%,22.2%,12.46,9.4,7.07,-0.3
35,35,MIL,Josh Lindblom,34,8,0,16.2,20.0%,11.8%,2.7,0.36,62.1%,27.3%,19.2%,9.72,7.37,6.22,-0.3
36,36,MIL,Eric Yardley,30,17,0,18.2,5.6%,11.2%,1.45,0.309,67.1%,58.6%,17.6%,6.75,6.81,6.33,-0.4
37,37,MIL,Daniel Norris,28,18,0,20.1,19.8%,16.5%,2.21,0.226,64.0%,40.4%,21.7%,6.64,6.81,5.61,-0.4
38,38,MIL,Team Total,29,695,162,1436.0,27.0%,9.0%,1.05,0.275,74.7%,44.5%,13.3%,3.5,3.72,3.75,23.6
0,0,MIN,Jose Berrios,27,20,20,121.2,25.7%,6.5%,1.04,0.261,71.1%,43.6%,13.6%,3.48,3.58,3.58,2.4
1,1,MIN,Kenta Maeda,33,21,21,106.1,24.9%,7.1%,1.35,0.316,69.3%,38.4%,14.4%,4.66,4.1,3.99,1.7
2,2,MIN,Taylor Rogers,30,40,0,40.1,35.5%,4.8%,0.89,0.358,69.3%,50.0%,13.8%,3.35,2.13,2.11,1.6
3,3,MIN,Michael Pineda,32,22,21,109.1,19.2%,4.6%,1.4,0.294,77.7%,39.8%,13.1%,3.62,4.21,4.29,1.4
4,4,MIN,Bailey Ober,25,20,20,92.1,25.3%,5.0%,1.95,0.296,79.8%,33.1%,16.8%,4.19,4.56,4.01,1.0
5,5,MIN,Caleb Thielbar,34,59,0,64.0,28.9%,7.5%,1.13,0.297,80.8%,31.7%,10.1%,3.23,3.47,4.02,0.9
6,6,MIN,Tyler Duffey,30,64,0,62.1,24.0%,11.0%,0.58,0.277,73.2%,46.0%,7.4%,3.18,3.49,4.19,0.8
7,7,MIN,Joe Ryan,25,5,5,26.2,30.0%,5.0%,1.35,0.197,58.4%,28.1%,11.8%,4.05,3.43,3.73,0.6
8,8,MIN,John Gant,28,14,7,33.2,24.7%,10.3%,1.07,0.3,55.6%,52.7%,14.8%,5.61,4.0,3.87,0.4
9,9,MIN,Jorge Alcala,25,59,0,59.2,26.6%,5.7%,1.51,0.245,67.4%,44.1%,17.9%,3.92,4.06,3.54,0.3
10,10,MIN,Danny Coulombe,31,29,1,34.1,23.7%,5.0%,1.31,0.319,71.4%,42.3%,14.3%,3.67,3.75,3.66,0.3
11,11,MIN,Cody Stashak,27,15,0,15.2,34.7%,13.3%,1.15,0.389,62.0%,23.7%,11.1%,6.89,3.62,3.98,0.2
12,12,MIN,Juan Minaya,30,29,0,40.0,25.7%,12.0%,0.9,0.235,85.3%,53.0%,12.5%,2.48,3.97,4.08,0.2
13,13,MIN,Charlie Barnes,25,9,8,38.0,11.4%,9.1%,0.95,0.321,64.6%,37.9%,7.1%,5.92,5.06,6.3,0.2
14,14,MIN,Alex Colome,32,67,0,65.0,20.0%,7.9%,1.11,0.305,64.4%,53.7%,13.8%,4.15,4.23,4.21,0.1
15,15,MIN,Nick Vincent,34,7,0,12.2,19.1%,10.6%,0.71,0.161,100.0%,19.4%,5.3%,0.71,4.2,5.82,0.1
16,16,MIN,J.A. Happ,38,19,19,98.1,17.3%,7.0%,1.92,0.332,64.0%,35.2%,14.4%,6.77,5.42,5.26,0.1
17,17,MIN,Jovani Moran,24,5,0,8.0,26.3%,18.4%,0.0,0.429,56.3%,50.0%,0.0%,7.88,3.3,4.18,0.1
18,18,MIN,Devin Smeltzer,25,1,0,4.2,17.6%,5.9%,0.0,0.091,75.0%,45.5%,0.0%,0.0,3.81,5.7,0.0
19,19,MIN,Shaun Anderson,26,4,0,8.2,17.0%,10.6%,1.04,0.375,39.8%,39.4%,6.7%,9.35,4.9,6.45,0.0
20,20,MIN,Lewis Thorpe,25,5,4,15.1,9.1%,10.6%,1.17,0.235,54.9%,52.8%,13.3%,4.7,5.45,5.48,0.0
21,21,MIN,Derek Law,30,9,0,15.0,20.9%,11.9%,1.2,0.326,80.2%,44.4%,14.3%,4.2,4.64,4.55,0.0
22,22,MIN,Willians Astudillo,29,4,0,4.0,0.0%,12.5%,2.25,0.0,100.0%,57.1%,25.0%,2.25,7.92,6.43,-0.1
23,23,MIN,Ralph Garza,27,18,0,19.1,19.2%,9.0%,1.4,0.192,71.4%,43.6%,15.0%,3.26,4.88,4.68,-0.1
24,24,MIN,Ian Gibaut,27,3,0,6.2,14.3%,7.1%,2.7,0.263,100.0%,47.6%,28.6%,2.7,7.22,5.17,-0.1
25,25,MIN,Luke Farrell,30,20,1,24.2,22.1%,11.5%,1.46,0.338,79.1%,37.3%,14.8%,4.74,4.83,4.66,-0.1
26,26,MIN,Randy Dobnak,26,14,6,50.2,11.8%,5.3%,1.95,0.311,55.0%,55.4%,26.8%,7.64,5.7,4.3,-0.2
27,27,MIN,Brandon Waddell,27,4,0,4.0,4.0%,12.0%,4.5,0.421,68.6%,23.8%,20.0%,11.25,11.42,9.33,-0.3
28,28,MIN,Hansel Robles,30,45,0,44.0,22.9%,12.8%,1.23,0.277,64.7%,46.1%,14.3%,4.91,4.83,4.74,-0.3
29,29,MIN,Kyle Barraclough,31,10,0,13.0,30.0%,13.3%,2.77,0.286,85.4%,29.0%,25.0%,5.54,6.71,4.88,-0.3
30,30,MIN,Edgar Garcia,24,6,0,10.1,16.7%,14.6%,2.61,0.207,39.1%,50.0%,37.5%,10.45,7.72,5.31,-0.3
31,31,MIN,Beau Burrows,24,5,1,9.1,10.2%,16.3%,4.82,0.29,53.3%,16.7%,20.0%,12.54,11.63,9.4,-0.5
32,32,MIN,Andrew Albers,35,5,3,19.0,13.5%,10.1%,4.26,0.259,84.1%,34.3%,39.1%,7.58,9.64,5.62,-0.6
33,33,MIN,Matt Shoemaker,34,16,11,60.1,14.1%,9.5%,2.24,0.291,57.3%,45.0%,20.8%,8.06,6.57,5.44,-0.7
34,34,MIN,Griffin Jax,26,18,14,82.0,18.1%,8.1%,2.52,0.248,64.4%,31.9%,16.9%,6.37,6.47,5.75,-0.7
35,35,MIN,Team Total,29,691,162,1419.1,21.7%,8.0%,1.52,0.29,68.9%,41.0%,15.0%,4.83,4.66,4.44,8.2
0,0,NYM,Jacob deGrom,33,15,15,92.0,45.1%,3.4%,0.59,0.213,87.2%,44.0%,9.4%,1.08,1.24,1.61,4.9
1,1,NYM,Marcus Stroman,30,33,33,179.0,21.6%,6.0%,0.85,0.286,75.5%,50.8%,12.8%,3.02,3.49,3.57,3.4
2,2,NYM,Edwin Diaz,27,63,0,62.2,34.6%,8.9%,0.43,0.301,67.8%,34.1%,5.3%,3.45,2.48,3.47,2.0
3,3,NYM,Aaron Loup,33,65,2,56.2,26.1%,7.3%,0.16,0.257,86.3%,50.4%,2.7%,0.95,2.45,3.37,1.6
4,4,NYM,Taijuan Walker,28,30,29,159.0,22.3%,8.4%,1.47,0.253,69.4%,41.9%,14.3%,4.47,4.57,4.47,1.4
5,5,NYM,Rich Hill,41,13,12,63.1,21.7%,7.0%,0.99,0.307,75.8%,28.0%,8.2%,3.84,4.02,4.95,1.0
6,6,NYM,Joey Lucchesi,28,11,8,38.1,26.1%,7.0%,0.94,0.303,65.2%,39.8%,9.3%,4.46,3.4,4.03,0.7
7,7,NYM,Tylor Megill,25,18,18,89.2,26.1%,7.1%,1.91,0.297,78.5%,42.4%,18.8%,4.52,4.69,3.92,0.6
8,8,NYM,Trevor Williams,29,10,3,32.1,20.6%,6.4%,0.28,0.356,72.4%,43.9%,3.4%,3.06,2.71,3.89,0.6
9,9,NYM,Trevor May,31,68,0,62.2,31.2%,9.0%,1.44,0.302,76.9%,36.3%,13.2%,3.59,3.74,3.81,0.5
10,10,NYM,Seth Lugo,31,46,0,46.1,28.2%,9.7%,1.17,0.307,81.7%,41.5%,15.0%,3.5,3.77,3.61,0.4
11,11,NYM,David Peterson,25,15,15,66.2,24.0%,10.1%,1.49,0.306,65.4%,49.2%,22.4%,5.54,4.78,3.93,0.3
12,12,NYM,Jake Reed,28,4,0,4.2,26.3%,0.0%,0.0,0.357,40.0%,42.9%,0.0%,3.86,1.03,2.16,0.2
13,13,NYM,Corey Oswalt,27,3,1,10.1,23.8%,4.8%,0.87,0.379,79.4%,20.7%,7.7%,3.48,3.07,4.03,0.2
14,14,NYM,Brad Hand,31,16,0,13.1,25.5%,9.1%,0.68,0.324,66.3%,50.0%,8.3%,2.7,3.4,4.01,0.2
15,15,NYM,Tommy Hunter,34,4,1,8.0,18.2%,9.1%,0.0,0.174,100.0%,47.6%,0.0%,0.0,3.17,4.49,0.1
16,16,NYM,Sean Reid-Foley,25,12,0,20.2,28.3%,9.8%,1.31,0.352,59.7%,35.7%,14.3%,5.23,3.85,3.75,0.1
17,17,NYM,Heath Hembree,32,15,0,15.2,23.4%,7.8%,1.15,0.262,78.9%,34.1%,9.5%,3.45,3.87,4.58,0.1
18,18,NYM,Jordan Yamamoto,25,2,1,6.2,9.1%,6.1%,0.0,0.385,57.1%,28.0%,0.0%,4.05,4.07,6.72,0.1
19,19,NYM,Carlos Carrasco,34,12,12,53.2,21.1%,7.6%,2.01,0.299,63.1%,42.3%,19.7%,6.04,5.22,4.32,0.1
20,20,NYM,Miguel Castro,26,69,2,70.1,25.4%,14.2%,0.9,0.241,76.8%,52.3%,12.5%,3.45,4.36,4.48,0.1
21,21,NYM,Robert Gsellman,27,17,1,28.2,14.3%,5.9%,0.94,0.267,69.2%,49.5%,12.0%,3.77,4.29,4.46,0.1
22,22,NYM,Drew Smith,27,31,1,41.1,24.8%,9.7%,1.52,0.212,91.2%,34.3%,14.6%,2.4,4.69,4.54,0.1
23,23,NYM,Kevin Pillar,32,1,0,0.1,0.0%,0.0%,0.0,0.0,100.0%,0.0%,0.0%,0.0,3.17,8.46,0.0
24,24,NYM,Stephen Tarpley,28,1,0,0.0,0.0%,50.0%,0.0,1.0,50.0%,0.0%,0.0%,18.0,12.17,12.17,0.0
25,25,NYM,Jeurys Familia,31,65,0,59.1,27.5%,10.3%,1.52,0.311,76.4%,51.0%,23.3%,3.94,4.4,3.49,0.0
26,26,NYM,Luis Guillorme,26,1,0,1.0,0.0%,14.3%,0.0,0.5,50.0%,16.7%,0.0%,18.0,6.17,9.7,0.0
27,27,NYM,Akeem Bostick,26,1,0,1.0,0.0%,25.0%,0.0,0.0,100.0%,0.0%,0.0%,0.0,6.17,9.7,0.0
28,28,NYM,Dellin Betances,33,1,0,1.0,20.0%,20.0%,0.0,0.0,50.0%,100.0%,0.0%,9.0,7.17,7.17,0.0
29,29,NYM,Geoff Hartlieb,27,3,0,4.1,18.5%,22.2%,0.0,0.467,50.0%,33.3%,0.0%,14.54,5.71,8.15,0.0
30,30,NYM,Noah Syndergaard,28,2,2,2.0,25.0%,0.0%,4.5,0.4,62.5%,16.7%,33.3%,9.0,7.67,3.82,0.0
31,31,NYM,Nick Tropeano,30,1,0,2.0,0.0%,9.1%,4.5,0.333,100.0%,10.0%,12.5%,4.5,11.17,11.73,-0.1
32,32,NYM,Anthony Banda,27,5,0,7.1,18.9%,2.7%,2.45,0.444,57.4%,37.9%,18.2%,7.36,5.22,4.32,-0.1
33,33,NYM,Albert Almora Jr.,27,1,0,1.0,0.0%,16.7%,9.0,0.0,0.0%,50.0%,50.0%,27.0,22.17,12.7,-0.1
34,34,NYM,Trevor Hildenberger,30,2,0,2.1,28.6%,21.4%,3.86,0.4,53.6%,33.3%,25.0%,15.43,10.46,7.91,-0.1
35,35,NYM,Brandon Drury,28,1,0,0.2,0.0%,14.3%,13.5,0.5,83.3%,20.0%,50.0%,27.0,31.67,17.46,-0.1
36,36,NYM,Thomas Szapucki,25,1,0,3.2,20.0%,15.0%,4.91,0.455,55.6%,38.5%,50.0%,14.73,10.53,5.37,-0.1
37,37,NYM,Stephen Nogosek,26,1,0,3.0,41.7%,0.0%,6.0,0.2,100.0%,28.6%,50.0%,6.0,8.5,2.19,-0.1
38,38,NYM,Robert Stock,31,2,2,5.0,26.1%,13.0%,3.6,0.333,96.8%,42.9%,40.0%,5.4,7.77,4.33,-0.1
39,39,NYM,Yennsy Diaz,24,20,0,25.0,18.8%,10.7%,1.8,0.274,71.0%,32.5%,13.2%,5.4,5.65,5.73,-0.2
40,40,NYM,Jacob Barnes,31,19,0,18.2,22.8%,6.3%,2.89,0.26,70.5%,49.1%,25.0%,6.27,6.22,4.31,-0.4
41,41,NYM,Jerad Eickhoff,30,5,4,19.2,12.5%,9.6%,4.12,0.304,62.5%,27.6%,28.1%,8.69,9.78,6.7,-0.7
42,42,NYM,Team Total,29,705,162,1379.1,25.1%,8.2%,1.24,0.287,73.2%,42.5%,13.9%,3.9,4.04,3.99,16.4
0,0,NYY,Gerrit Cole,30,30,30,181.1,33.5%,5.6%,1.19,0.305,77.9%,43.1%,13.5%,3.23,2.92,2.93,5.3
1,1,NYY,Jordan Montgomery,28,30,30,157.1,24.5%,7.7%,1.09,0.307,73.7%,42.7%,11.8%,3.83,3.69,3.93,3.3
2,2,NYY,Jonathan Loaisiga,26,57,0,70.2,24.4%,5.7%,0.38,0.276,79.1%,60.9%,6.7%,2.17,2.58,3.15,2.4
3,3,NYY,Jameson Taillon,29,29,29,144.1,23.2%,7.3%,1.5,0.272,73.1%,33.2%,12.1%,4.3,4.43,4.69,2.0
4,4,NYY,Nestor Cortes,26,22,14,93.0,27.5%,6.7%,1.35,0.265,85.0%,27.4%,11.3%,2.9,3.78,4.18,1.7
5,5,NYY,Chad Green,30,67,0,83.2,31.4%,5.4%,1.51,0.232,77.2%,27.3%,13.3%,3.12,3.59,3.63,1.6
6,6,NYY,Corey Kluber,35,16,16,80.0,24.0%,9.7%,0.9,0.31,74.4%,42.5%,9.6%,3.83,3.85,4.38,1.5
7,7,NYY,Lucas Luetge,34,57,1,72.1,25.9%,5.0%,0.75,0.307,71.8%,42.2%,7.7%,2.74,2.84,3.66,1.5
8,8,NYY,Domingo German,28,22,18,98.1,23.9%,6.6%,1.56,0.271,70.1%,42.2%,13.8%,4.58,4.31,4.27,1.3
9,9,NYY,Clay Holmes,28,25,0,28.0,33.0%,3.9%,0.64,0.254,72.9%,61.5%,12.5%,1.61,2.1,2.18,0.9
10,10,NYY,Michael King,26,22,6,63.1,22.5%,8.7%,0.85,0.288,73.8%,45.3%,10.7%,3.55,3.86,4.19,0.7
11,11,NYY,Aroldis Chapman,33,61,0,56.1,39.9%,15.6%,1.44,0.281,83.9%,42.7%,23.1%,3.36,3.99,3.13,0.6
12,12,NYY,Luis Gil,23,6,6,29.1,29.5%,14.7%,1.23,0.239,84.3%,32.4%,10.8%,3.07,4.4,4.85,0.4
13,13,NYY,Luis Cessa,29,29,0,38.1,19.3%,10.6%,0.47,0.261,68.6%,56.8%,6.9%,2.82,3.56,4.22,0.4
14,14,NYY,Joely Rodriguez,29,21,0,19.0,21.5%,7.6%,0.47,0.364,74.2%,50.0%,7.1%,2.84,3.01,3.63,0.4
15,15,NYY,Stephen Ridings,25,5,0,5.0,35.0%,10.0%,0.0,0.364,66.7%,50.0%,0.0%,1.8,1.57,2.98,0.2
16,16,NYY,Luis Severino,27,4,0,6.0,36.4%,4.5%,0.0,0.167,100.0%,41.7%,0.0%,0.0,1.5,2.97,0.2
17,17,NYY,Wandy Peralta,29,46,1,42.2,19.2%,9.9%,1.05,0.268,76.0%,58.7%,18.5%,2.95,4.39,3.98,0.2
18,18,NYY,Nick Nelson,25,11,2,14.1,28.2%,20.5%,0.0,0.405,52.9%,35.1%,0.0%,8.79,4.08,5.31,0.1
19,19,NYY,Deivi Garcia,22,2,2,8.1,18.4%,10.5%,1.08,0.28,51.7%,23.1%,6.7%,6.48,4.85,6.47,0.1
20,20,NYY,Sal Romano,27,4,0,3.1,25.0%,10.0%,0.0,0.583,80.0%,25.0%,0.0%,5.4,2.87,4.46,0.0
21,21,NYY,Brody Koerner,27,2,0,3.0,7.7%,15.4%,0.0,0.222,80.0%,55.6%,0.0%,3.0,5.5,7.27,0.0
22,22,NYY,Darren O'Day,38,12,0,10.2,23.9%,8.7%,1.69,0.25,89.3%,26.7%,14.3%,3.38,4.95,4.83,0.0
23,23,NYY,Asher Wojciechowski,32,1,1,4.0,21.1%,15.8%,2.25,0.2,89.3%,18.2%,12.5%,4.5,7.42,7.7,-0.1
24,24,NYY,Clarke Schmidt,25,2,1,6.1,15.8%,13.2%,1.42,0.4,57.7%,60.0%,20.0%,5.68,6.17,5.51,-0.1
25,25,NYY,Zack Britton,33,22,0,18.1,19.5%,17.1%,0.98,0.313,62.9%,68.0%,20.0%,5.89,5.46,5.01,-0.2
26,26,NYY,Justin Wilson,33,21,0,18.0,18.1%,10.8%,2.5,0.245,52.4%,43.9%,19.2%,7.5,6.78,5.72,-0.4
27,27,NYY,Andrew Heaney,30,12,5,35.2,23.6%,6.4%,3.28,0.266,67.1%,32.1%,23.2%,7.32,6.93,4.96,-0.5
28,28,NYY,Albert Abreu,25,28,0,36.2,22.4%,12.2%,1.96,0.209,74.1%,45.5%,22.2%,5.15,5.9,4.79,-0.6
29,29,NYY,Brooks Kriske,27,8,0,7.2,17.1%,14.6%,5.87,0.318,41.7%,34.6%,35.7%,15.26,12.56,7.3,-0.6
30,30,NYY,Team Total,28,674,162,1435.1,26.2%,8.2%,1.23,0.284,74.0%,41.9%,12.9%,3.76,3.9,4.0,22.3
0,0,OAK,Frankie Montas,28,32,32,187.0,26.6%,7.3%,0.96,0.296,74.5%,42.8%,11.4%,3.37,3.37,3.64,4.1
1,1,OAK,Chris Bassitt,32,27,27,157.1,25.0%,6.1%,0.86,0.271,78.2%,41.8%,9.2%,3.15,3.34,3.93,3.3
2,2,OAK,Sean Manaea,29,32,32,179.1,25.7%,5.4%,1.25,0.318,77.3%,42.0%,13.8%,3.91,3.66,3.62,3.3
3,3,OAK,Cole Irvin,27,32,32,178.1,16.3%,5.5%,1.16,0.302,71.1%,37.6%,10.4%,4.24,4.3,4.82,2.1
4,4,OAK,James Kaprielian,27,24,21,119.1,24.5%,8.2%,1.43,0.274,77.2%,35.1%,12.3%,4.07,4.33,4.56,1.3
5,5,OAK,Lou Trivino,29,71,0,73.2,21.6%,11.0%,0.61,0.265,71.9%,48.0%,7.6%,3.18,3.78,4.48,0.6
6,6,OAK,Andrew Chafin,31,28,0,29.1,23.3%,6.0%,0.92,0.266,97.0%,38.8%,8.8%,1.53,3.37,4.09,0.5
7,7,OAK,Deolis Guerra,32,53,0,65.2,23.0%,7.4%,1.1,0.257,65.3%,34.3%,8.9%,4.11,3.96,4.8,0.4
8,8,OAK,J.B. Wendelken,28,26,0,25.0,22.2%,11.1%,0.72,0.355,68.9%,43.6%,9.1%,4.32,3.69,4.2,0.3
9,9,OAK,Sergio Romo,38,66,0,61.2,23.2%,8.1%,1.31,0.281,69.3%,37.5%,11.5%,4.67,4.24,4.57,0.2
10,10,OAK,A.J. Puk,26,12,0,13.1,24.6%,9.2%,0.68,0.415,67.8%,52.4%,11.1%,6.08,3.32,3.54,0.1
11,11,OAK,Burch Smith,31,31,0,43.1,14.9%,5.9%,1.04,0.308,63.0%,36.5%,8.3%,5.4,4.21,5.15,0.1
12,12,OAK,Daulton Jefferies,25,5,1,15.0,13.8%,6.9%,0.6,0.227,68.5%,44.4%,6.7%,3.6,3.97,4.87,0.1
13,13,OAK,Ka'ai Tom,27,1,0,1.0,0.0%,0.0%,0.0,0.25,100.0%,50.0%,0.0%,0.0,3.17,6.7,0.0
14,14,OAK,Mitch Moreland,35,1,0,1.0,25.0%,0.0%,0.0,0.333,100.0%,0.0%,0.0%,0.0,1.17,6.46,0.0
15,15,OAK,Reymin Guduan,29,11,0,14.1,7.7%,7.7%,0.63,0.333,57.5%,35.2%,5.9%,6.28,4.43,5.61,0.0
16,16,OAK,Yusmeiro Petit,36,78,0,78.0,11.8%,3.8%,1.38,0.227,72.1%,37.1%,10.6%,3.92,4.72,5.28,0.0
17,17,OAK,Michael Feliz,28,1,0,0.1,0.0%,33.3%,0.0,0.5,100.0%,0.0%,0.0%,0.0,12.17,17.46,0.0
18,18,OAK,Paul Blackburn,27,9,9,38.1,14.9%,5.7%,1.88,0.341,72.0%,50.0%,20.5%,5.87,5.47,4.55,0.0
19,19,OAK,Cam Bedrosian,29,9,0,9.0,21.1%,10.5%,2.0,0.292,100.0%,34.6%,18.2%,2.0,5.61,4.88,-0.1
20,20,OAK,Sam Moll,29,8,0,10.1,18.2%,11.4%,0.87,0.25,80.9%,48.1%,8.3%,3.48,4.91,5.7,-0.1
21,21,OAK,Jake Diekman,34,67,0,60.2,31.7%,13.0%,1.48,0.282,78.9%,34.8%,16.4%,3.86,4.46,4.09,-0.1
22,22,OAK,Jordan Weems,28,5,0,4.1,22.2%,16.7%,2.08,0.1,55.6%,27.3%,25.0%,6.23,6.4,5.03,-0.1
23,23,OAK,Domingo Acevedo,27,10,0,11.0,20.5%,9.1%,2.45,0.214,100.0%,41.9%,25.0%,3.27,6.17,4.55,-0.1
24,24,OAK,Adam Kolarek,32,12,0,9.0,7.8%,9.8%,2.0,0.333,60.4%,65.8%,33.3%,8.0,7.17,5.46,-0.2
25,25,OAK,Mike Fiers,36,2,2,9.1,11.1%,8.9%,3.86,0.344,82.1%,41.7%,26.7%,7.71,8.96,6.22,-0.3
26,26,OAK,Jesus Luzardo,23,13,6,38.0,23.1%,9.2%,2.61,0.33,64.4%,39.8%,22.0%,6.87,6.09,4.65,-0.3
27,27,OAK,Team Total,29,666,162,1433.0,22.0%,7.2%,1.2,0.29,73.7%,40.3%,11.8%,4.02,4.1,4.35,15.1
0,0,PHI,Zack Wheeler,31,32,32,213.1,29.1%,5.4%,0.68,0.288,75.3%,49.8%,10.8%,2.78,2.59,2.84,7.3
1,1,PHI,Aaron Nola,28,32,32,180.2,29.8%,5.2%,1.3,0.308,66.8%,40.5%,13.5%,4.63,3.37,3.37,4.5
2,2,PHI,Ranger Suarez,25,39,12,106.0,25.6%,7.9%,0.34,0.257,86.3%,59.2%,5.8%,1.36,2.72,3.38,3.0
3,3,PHI,Zach Eflin,27,18,18,105.2,22.4%,3.6%,1.28,0.327,72.8%,43.5%,14.2%,4.17,3.68,3.61,2.2
4,4,PHI,Kyle Gibson,33,12,11,69.0,20.7%,7.8%,1.04,0.291,64.4%,53.2%,12.9%,5.09,4.04,4.12,1.1
5,5,PHI,Connor Brogdon,26,56,1,57.2,21.3%,7.7%,0.94,0.256,67.7%,44.2%,9.7%,3.43,3.78,4.32,0.7
6,6,PHI,Hector Neris,32,74,0,74.1,31.6%,10.3%,1.45,0.262,76.8%,47.1%,17.1%,3.63,4.08,3.65,0.6
7,7,PHI,Sam Coonrod,28,42,2,42.1,25.9%,8.1%,1.06,0.316,73.1%,57.1%,15.6%,4.04,3.71,3.51,0.5
8,8,PHI,Spencer Howard,24,11,7,28.1,24.4%,13.4%,0.64,0.311,61.6%,34.7%,6.1%,5.72,4.02,5.15,0.4
9,9,PHI,Bailey Falter,24,22,1,33.2,24.5%,4.3%,1.34,0.315,60.0%,36.1%,12.5%,5.61,3.79,3.96,0.3
10,10,PHI,Archie Bradley,28,53,0,51.0,17.9%,9.8%,0.88,0.299,75.4%,55.7%,11.6%,3.71,4.35,4.56,0.3
11,11,PHI,Adonis Medina,24,4,1,7.2,16.7%,11.1%,0.0,0.391,81.3%,47.8%,0.0%,3.52,4.34,5.26,0.1
12,12,PHI,Cristopher Sanchez,24,7,1,12.2,22.0%,11.9%,0.71,0.395,69.4%,63.9%,12.5%,4.97,3.8,3.89,0.1
13,13,PHI,J.D. Hammer,26,20,0,20.0,23.4%,11.7%,1.35,0.321,77.2%,42.4%,14.3%,4.95,4.87,4.77,0.0
14,14,PHI,Seranthony Dominguez,26,1,0,1.0,33.3%,0.0%,0.0,0.0,100.0%,50.0%,0.0%,0.0,1.17,2.93,0.0
15,15,PHI,Nick Maton,24,1,0,0.1,100.0%,0.0%,0.0,0.0,100.0%,0.0%,0.0%,0.0,-2.83,-2.83,0.0
16,16,PHI,Andrew Knapp,29,1,0,0.1,0.0%,0.0%,0.0,0.0,100.0%,100.0%,0.0%,0.0,3.17,3.17,0.0
17,17,PHI,Kyle Dohy,24,1,0,1.0,20.0%,20.0%,0.0,0.333,100.0%,66.7%,0.0%,0.0,4.17,5.93,0.0
18,18,PHI,Vince Velasquez,29,21,17,81.2,23.5%,12.5%,1.87,0.281,69.2%,33.3%,17.2%,5.95,5.59,5.03,0.0
19,19,PHI,Damon Jones,26,1,0,0.1,0.0%,50.0%,0.0,0.5,100.0%,50.0%,0.0%,0.0,21.17,26.46,0.0
20,20,PHI,David Paulino,27,1,0,2.0,0.0%,0.0%,4.5,0.25,62.5%,22.2%,25.0%,9.0,9.67,6.7,0.0
21,21,PHI,Ramon Rosso,25,7,0,8.0,20.0%,8.6%,2.25,0.348,68.6%,44.0%,33.3%,5.63,5.8,3.87,-0.1
22,22,PHI,David Hale,33,17,1,26.2,18.1%,7.8%,1.69,0.313,60.6%,41.0%,18.5%,6.41,5.16,4.51,-0.1
23,23,PHI,Cam Bedrosian,29,11,1,10.1,17.8%,15.6%,1.74,0.214,82.0%,36.7%,12.5%,4.35,6.17,6.39,-0.1
24,24,PHI,Ronald Torreyes,28,2,0,2.2,7.1%,0.0%,6.75,0.364,62.5%,23.1%,28.6%,13.5,12.17,7.05,-0.1
25,25,PHI,Enyel De Los Santos,25,26,0,28.0,30.7%,10.2%,2.25,0.38,55.8%,41.9%,25.9%,6.75,5.24,3.69,-0.1
26,26,PHI,Matt Moore,32,24,13,73.0,18.9%,11.4%,1.85,0.292,66.0%,38.7%,16.7%,6.29,5.76,5.26,-0.2
27,27,PHI,Neftali Feliz,33,2,0,1.0,22.2%,11.1%,9.0,0.75,43.5%,20.0%,100.0%,36.0,18.17,6.93,-0.2
28,28,PHI,Hans Crouse,22,2,2,7.0,6.3%,21.9%,2.57,0.095,85.4%,18.2%,15.4%,5.14,9.31,8.88,-0.2
29,29,PHI,Jose Alvarado,26,64,0,55.2,27.1%,18.7%,0.81,0.298,74.2%,57.4%,17.9%,4.2,4.8,4.52,-0.3
30,30,PHI,Chase Anderson,33,14,9,48.0,16.3%,9.3%,1.88,0.279,63.3%,36.4%,14.7%,6.75,5.86,5.65,-0.3
31,31,PHI,Brandon Kintzler,36,29,1,29.2,15.6%,5.7%,2.12,0.369,70.1%,58.2%,29.2%,6.37,5.66,4.02,-0.3
32,32,PHI,Mauricio Llovera,25,6,0,6.2,20.0%,11.4%,6.75,0.278,100.0%,30.4%,35.7%,9.45,13.07,7.03,-0.3
33,33,PHI,Ian Kennedy,36,23,0,24.0,26.5%,9.8%,2.63,0.196,89.1%,16.1%,17.5%,4.13,6.21,5.36,-0.4
34,34,PHI,JoJo Romero,24,11,0,9.0,18.2%,9.1%,4.0,0.296,78.9%,54.8%,50.0%,7.0,8.84,4.63,-0.4
35,35,PHI,Team Total,28,687,162,1418.2,24.4%,8.4%,1.27,0.296,71.4%,45.4%,14.7%,4.39,4.15,4.02,17.9
0,0,PIT,Tyler Anderson,31,18,18,103.1,20.0%,5.8%,1.39,0.275,71.2%,37.3%,12.8%,4.35,4.27,4.39,1.3
1,1,PIT,Richard Rodriguez,31,37,0,38.1,22.8%,3.4%,0.47,0.24,69.5%,29.2%,3.3%,2.82,2.6,4.73,1.3
2,2,PIT,David Bednar,26,61,0,60.2,32.5%,8.0%,0.74,0.259,84.9%,41.4%,9.3%,2.23,2.69,3.19,1.2
3,3,PIT,Mitch Keller,25,23,23,100.2,19.6%,10.4%,0.89,0.388,68.2%,40.4%,9.3%,6.17,4.3,4.9,1.1
4,4,PIT,Chris Stratton,30,68,0,79.1,25.5%,9.8%,1.02,0.293,76.6%,41.4%,11.1%,3.63,3.76,4.09,0.7
5,5,PIT,Trevor Cahill,33,9,8,37.0,19.3%,8.4%,0.97,0.33,54.5%,55.2%,12.9%,6.57,4.06,4.13,0.5
6,6,PIT,Dillon Peters,28,6,6,26.2,19.7%,8.5%,0.68,0.296,73.1%,48.2%,7.1%,3.71,3.66,4.54,0.5
7,7,PIT,Max Kranick,23,9,9,38.2,17.6%,10.4%,0.93,0.35,65.2%,33.1%,7.4%,6.28,4.64,5.76,0.5
8,8,PIT,JT Brubaker,27,24,24,124.1,24.0%,7.1%,2.03,0.284,72.6%,42.8%,22.4%,5.36,5.16,4.0,0.3
9,9,PIT,Steven Brault,29,7,7,27.2,15.0%,9.4%,0.98,0.326,67.0%,43.5%,8.8%,5.86,4.62,5.37,0.2
10,10,PIT,Michael Feliz,28,7,0,7.2,25.8%,3.2%,0.0,0.364,66.7%,13.6%,0.0%,2.35,1.47,4.24,0.2
11,11,PIT,Clay Holmes,28,44,0,42.0,23.3%,13.2%,0.64,0.283,66.9%,72.8%,18.8%,4.93,4.07,3.82,0.2
12,12,PIT,Roansy Contreras,21,1,1,3.0,33.3%,8.3%,0.0,0.429,100.0%,57.1%,0.0%,0.0,1.5,3.27,0.1
13,13,PIT,Duane Underwood Jr.,26,43,0,72.2,20.3%,8.4%,1.11,0.316,71.3%,43.5%,13.0%,4.33,4.27,4.34,0.1
14,14,PIT,Bryse Wilson,23,8,8,40.1,13.6%,5.9%,1.79,0.25,72.2%,34.1%,16.0%,4.91,5.35,4.96,0.1
15,15,PIT,Tanner Anderson,28,1,0,5.0,5.3%,0.0%,0.0,0.278,60.0%,72.2%,0.0%,3.6,2.77,3.83,0.0
16,16,PIT,Connor Overton,27,5,3,8.2,28.2%,7.7%,2.08,0.348,49.0%,28.0%,18.2%,8.31,4.67,3.91,0.0
17,17,PIT,Kyle Crick,28,27,0,24.1,19.6%,17.8%,0.0,0.226,63.2%,36.7%,0.0%,4.44,4.4,6.07,0.0
18,18,PIT,John Nogowski,28,3,0,3.0,0.0%,0.0%,0.0,0.5,37.5%,62.5%,0.0%,15.0,3.17,4.93,0.0
19,19,PIT,Phillip Evans,28,1,0,1.0,0.0%,0.0%,0.0,0.0,100.0%,0.0%,0.0%,0.0,3.17,6.7,0.0
20,20,PIT,Enyel De Los Santos,25,7,0,7.1,16.7%,11.1%,1.23,0.333,79.4%,25.0%,8.3%,4.91,5.35,6.47,0.0
21,21,PIT,Austin Davis,28,10,0,9.2,26.2%,11.9%,1.86,0.174,54.3%,36.0%,20.0%,5.59,5.45,4.58,0.0
22,22,PIT,Geoff Hartlieb,27,4,0,4.2,17.4%,21.7%,0.0,0.25,60.0%,58.3%,0.0%,7.71,5.96,7.09,0.0
23,23,PIT,Sean Poppen,27,3,0,4.2,15.4%,7.7%,1.93,0.556,55.6%,42.1%,33.3%,7.71,6.17,4.52,-0.1
24,24,PIT,Anthony Banda,27,25,0,26.1,21.6%,10.3%,1.37,0.288,86.8%,39.0%,11.8%,3.42,4.84,5.14,-0.1
25,25,PIT,Wilmer Difo,29,2,0,2.0,5.6%,16.7%,4.5,0.615,37.7%,21.4%,16.7%,36.0,13.17,11.96,-0.1
26,26,PIT,Chasen Shreve,30,57,0,56.1,19.1%,11.9%,1.12,0.234,83.6%,38.4%,10.8%,3.2,4.73,5.15,-0.1
27,27,PIT,Cody Ponce,27,15,2,38.1,20.1%,6.1%,1.88,0.39,59.9%,42.3%,18.2%,7.04,4.94,4.26,-0.1
28,28,PIT,Shea Spitzbarth,26,5,0,5.0,4.5%,9.1%,1.8,0.176,89.3%,5.6%,8.3%,3.6,7.17,8.8,-0.1
29,29,PIT,Sam Howard,28,54,1,45.0,30.2%,16.1%,1.4,0.278,67.6%,40.8%,16.7%,5.6,4.86,4.48,-0.1
30,30,PIT,Chad Kuhl,28,28,14,80.1,21.5%,12.0%,1.46,0.286,69.9%,44.1%,16.9%,4.82,5.31,4.9,-0.1
31,31,PIT,Wil Crowe,26,26,25,116.2,21.2%,10.9%,1.93,0.311,74.0%,42.9%,18.8%,5.48,5.67,4.9,-0.3
32,32,PIT,Chase De Jong,27,9,9,43.2,19.9%,9.7%,2.27,0.302,76.5%,30.1%,16.9%,5.77,6.03,5.38,-0.3
33,33,PIT,Luis Oviedo,22,22,1,29.2,21.1%,17.7%,1.21,0.345,52.3%,44.3%,13.3%,8.8,5.66,5.7,-0.3
34,34,PIT,Nick Mears,24,30,0,23.1,21.5%,12.1%,1.93,0.303,77.4%,39.4%,17.9%,5.01,5.66,4.99,-0.3
35,35,PIT,Shelby Miller,30,10,0,10.2,15.9%,13.6%,2.53,0.222,84.7%,36.7%,21.4%,5.06,7.48,6.14,-0.3
36,36,PIT,Miguel Yajure,23,4,3,15.0,16.2%,10.3%,3.6,0.256,66.3%,34.7%,28.6%,8.4,8.5,5.77,-0.5
37,37,PIT,Kyle Keller,28,32,0,33.1,23.2%,14.2%,2.43,0.253,67.6%,29.3%,19.6%,6.48,6.95,5.87,-0.6
38,38,PIT,Team Total,27,745,162,1396.1,21.4%,9.9%,1.37,0.302,70.1%,40.9%,13.8%,5.08,4.74,4.7,5.0
0,0,SD,Joe Musgrove,28,32,31,181.1,27.1%,7.2%,1.09,0.266,79.7%,43.5%,14.0%,3.18,3.7,3.65,3.3
1,1,SD,Yu Darvish,34,30,30,166.1,29.2%,6.5%,1.52,0.274,72.3%,37.0%,14.6%,4.22,3.9,3.75,2.9
2,2,SD,Blake Snell,28,27,27,128.2,30.9%,12.5%,1.12,0.291,74.4%,39.7%,14.3%,4.2,3.82,3.74,2.1
3,3,SD,Chris Paddack,25,23,22,108.1,21.6%,4.8%,1.25,0.311,60.7%,42.9%,12.9%,5.07,3.78,3.87,1.8
4,4,SD,Mark Melancon,36,64,0,64.2,22.3%,9.4%,0.56,0.284,79.3%,56.4%,12.1%,2.23,3.36,3.45,1.1
5,5,SD,Pierce Johnson,30,63,2,58.2,31.6%,11.1%,0.92,0.308,81.1%,34.1%,10.0%,3.22,3.31,3.78,0.8
6,6,SD,Craig Stammen,37,67,4,88.1,23.4%,3.7%,1.32,0.272,83.3%,54.9%,17.6%,3.06,3.75,3.31,0.8
7,7,SD,Dinelson Lamet,28,22,9,47.0,27.3%,10.5%,1.15,0.344,75.5%,38.6%,11.8%,4.4,3.94,4.19,0.6
8,8,SD,Drew Pomeranz,32,27,0,25.2,29.4%,9.8%,0.7,0.283,87.8%,45.2%,12.5%,1.75,3.01,3.1,0.5
9,9,SD,Austin Adams,30,65,0,52.2,31.5%,14.5%,0.17,0.257,68.9%,33.7%,2.2%,4.1,3.89,5.19,0.3
10,10,SD,Nabil Crismatt,26,45,0,81.1,20.2%,6.8%,1.11,0.324,75.2%,50.6%,12.7%,3.76,4.2,4.32,0.2
11,11,SD,Matt Strahm,29,6,1,6.2,11.1%,2.8%,0.0,0.484,62.5%,48.3%,0.0%,8.1,2.42,4.01,0.1
12,12,SD,Shaun Anderson,26,5,0,4.2,18.2%,9.1%,0.0,0.375,62.5%,56.3%,0.0%,5.79,2.74,4.63,0.1
13,13,SD,James Norwood,27,5,0,5.0,13.0%,13.0%,0.0,0.353,100.0%,47.1%,0.0%,0.0,3.77,5.53,0.1
14,14,SD,Nick Ramirez,31,13,0,20.1,15.4%,7.7%,0.89,0.309,55.1%,45.7%,9.5%,5.75,4.1,4.65,0.1
15,15,SD,Mason Thompson,23,4,0,3.0,15.4%,7.7%,0.0,0.4,80.0%,50.0%,0.0%,3.0,2.84,4.6,0.1
16,16,SD,Daniel Hudson,34,23,0,19.0,32.5%,10.8%,1.89,0.302,63.7%,27.7%,17.4%,5.21,4.49,3.88,0.1
17,17,SD,Javy Guerra,25,4,0,3.2,16.7%,11.1%,0.0,0.308,66.7%,46.2%,0.0%,4.91,3.17,5.58,0.1
18,18,SD,Taylor Williams,29,5,0,5.1,26.1%,13.0%,0.0,0.25,87.5%,50.0%,0.0%,1.69,3.73,4.72,0.0
19,19,SD,Jake Cronenworth,27,1,0,0.2,33.3%,0.0%,0.0,0.5,100.0%,50.0%,0.0%,0.0,0.17,2.82,0.0
20,20,SD,Reiss Knehr,24,12,5,29.0,15.5%,15.5%,0.62,0.247,68.7%,34.9%,4.9%,4.97,4.96,6.56,0.0
21,21,SD,Pedro Avila,24,1,1,4.0,25.0%,15.0%,2.25,0.273,89.3%,33.3%,25.0%,2.25,6.17,4.68,0.0
22,22,SD,Dan Altavilla,28,2,0,1.1,40.0%,0.0%,6.75,0.0,100.0%,0.0%,33.3%,6.75,9.92,4.14,-0.1
23,23,SD,Miguel Diaz,26,25,2,42.0,26.7%,11.0%,1.71,0.232,79.9%,41.5%,22.2%,3.64,4.81,3.85,-0.1
24,24,SD,Daniel Camarena,28,6,0,9.1,14.9%,6.4%,1.93,0.4,43.2%,43.2%,14.3%,9.64,5.42,5.28,-0.1
25,25,SD,Keone Kela,28,12,0,10.2,27.1%,6.3%,2.53,0.276,61.2%,43.8%,23.1%,5.06,5.23,3.73,-0.1
26,26,SD,Aaron Northcraft,31,5,0,8.0,14.7%,23.5%,1.13,0.2,94.8%,57.1%,20.0%,2.25,6.55,6.02,-0.1
27,27,SD,Ryan Weathers,21,30,18,94.2,18.0%,7.5%,1.9,0.293,72.6%,43.9%,18.5%,5.32,5.44,4.71,-0.1
28,28,SD,Jake Arrieta,35,4,4,12.1,15.0%,8.3%,2.19,0.366,43.3%,41.9%,23.1%,10.95,6.58,5.27,-0.2
29,29,SD,Adrian Morejon,22,2,2,4.2,15.0%,10.0%,3.86,0.231,100.0%,53.3%,66.7%,3.86,8.74,4.3,-0.2
30,30,SD,Tim Hill,31,78,0,59.2,22.0%,9.0%,1.36,0.261,68.2%,60.6%,20.0%,3.62,4.71,4.08,-0.2
31,31,SD,Ross Detwiler,35,7,0,7.0,20.7%,17.2%,2.57,0.067,100.0%,41.2%,22.2%,2.57,7.74,6.3,-0.3
32,32,SD,Vince Velasquez,29,4,4,12.2,28.6%,7.1%,4.26,0.3,56.6%,17.1%,27.3%,8.53,7.75,4.66,-0.3
33,33,SD,Emilio Pagan,30,67,0,63.1,26.2%,6.8%,2.27,0.253,76.5%,22.4%,15.1%,4.83,5.22,4.89,-0.4
34,34,SD,Team Total,28,786,162,1430.0,25.0%,8.5%,1.29,0.287,73.6%,42.8%,14.3%,4.1,4.18,4.08,12.8
0,0,SEA,Chris Flexen,26,31,31,179.2,16.9%,5.4%,0.95,0.3,76.6%,42.4%,9.1%,3.61,3.89,4.56,3.0
1,1,SEA,Logan Gilbert,24,24,24,119.1,25.4%,5.6%,1.28,0.293,67.9%,32.3%,10.9%,4.68,3.73,4.19,2.2
2,2,SEA,Paul Sewald,31,62,0,64.2,39.4%,9.1%,1.39,0.254,80.8%,26.1%,14.1%,3.06,3.08,3.0,1.4
3,3,SEA,Drew Steckenrider,30,62,0,67.2,21.7%,6.4%,0.67,0.257,86.4%,37.4%,6.6%,2.0,3.35,4.37,1.3
4,4,SEA,Yusei Kikuchi,30,29,29,157.0,24.5%,9.3%,1.55,0.289,74.6%,48.4%,20.6%,4.41,4.61,3.85,1.1
5,5,SEA,Casey Sadler,30,42,0,40.1,25.5%,6.9%,0.22,0.188,90.9%,62.9%,4.0%,0.67,2.48,3.25,1.1
6,6,SEA,Kendall Graveman,30,30,0,33.0,28.1%,6.6%,0.55,0.176,81.9%,53.9%,10.5%,0.82,2.9,3.13,0.8
7,7,SEA,Tyler Anderson,31,13,13,63.2,17.6%,4.8%,1.55,0.299,71.4%,31.9%,11.5%,4.81,4.52,4.94,0.7
8,8,SEA,Marco Gonzales,29,25,25,143.1,18.5%,7.2%,1.82,0.239,82.2%,32.2%,14.2%,3.96,5.28,5.16,0.6
9,9,SEA,JT Chargois,30,31,0,30.0,24.6%,5.1%,0.6,0.276,73.7%,43.6%,8.0%,3.0,3.2,3.81,0.5
10,10,SEA,Justin Dunn,25,11,11,50.1,22.5%,13.3%,1.07,0.238,79.5%,33.8%,8.7%,3.75,4.74,5.61,0.5
11,11,SEA,Anthony Misiewicz,26,66,0,54.2,22.5%,6.4%,1.15,0.338,69.9%,42.4%,12.3%,4.61,3.77,3.95,0.5
12,12,SEA,Joe Smith,37,23,0,18.0,24.3%,5.7%,0.5,0.229,75.3%,40.8%,4.8%,2.0,2.67,4.01,0.5
13,13,SEA,Erik Swanson,27,33,2,35.1,24.3%,6.9%,1.27,0.247,65.6%,31.6%,9.6%,3.31,3.96,4.72,0.4
14,14,SEA,Hector Santiago,33,13,1,26.1,25.6%,9.4%,0.68,0.338,79.5%,44.7%,6.9%,3.42,3.13,4.09,0.3
15,15,SEA,Rafael Montero,30,40,0,43.1,18.1%,7.4%,0.83,0.364,52.6%,55.2%,9.8%,7.27,4.05,4.52,0.3
16,16,SEA,Matt Andriese,31,8,0,11.0,26.7%,4.4%,0.0,0.333,53.8%,53.3%,0.0%,2.45,1.81,3.09,0.2
17,17,SEA,Will Vest,26,32,0,35.0,17.3%,11.5%,0.51,0.34,60.5%,43.4%,6.3%,6.17,4.17,5.04,0.1
18,18,SEA,Sean Doolittle,34,11,0,11.1,24.0%,10.0%,0.79,0.29,68.5%,21.9%,7.7%,4.76,3.79,4.66,0.1
19,19,SEA,James Paxton,32,1,1,1.1,40.0%,20.0%,0.0,0.0,0.0%,50.0%,0.0%,6.75,2.42,2.42,0.0
20,20,SEA,Domingo Tapia,29,2,0,2.0,9.1%,9.1%,0.0,0.444,100.0%,55.6%,0.0%,0.0,3.67,4.55,0.0
21,21,SEA,Wyatt Mills,26,11,0,12.2,17.2%,10.9%,0.71,0.409,50.8%,51.1%,12.5%,9.95,4.35,4.44,0.0
22,22,SEA,Keynan Middleton,27,32,1,31.0,17.1%,13.6%,0.58,0.301,64.3%,32.6%,4.5%,4.94,4.49,6.16,0.0
23,23,SEA,Yacksel Rios,28,3,0,3.0,12.5%,12.5%,0.0,0.455,62.5%,27.3%,0.0%,9.0,4.84,8.37,0.0
24,24,SEA,Jack Mayfield,30,1,0,0.1,0.0%,0.0%,0.0,0.0,100.0%,100.0%,0.0%,0.0,3.17,3.17,0.0
25,25,SEA,Nick Margevicius,25,5,3,12.0,20.0%,11.7%,1.5,0.289,27.5%,40.0%,12.5%,8.25,5.34,5.52,0.0
26,26,SEA,Andres Munoz,22,1,0,0.2,25.0%,50.0%,0.0,0.0,100.0%,100.0%,0.0%,0.0,9.17,9.17,0.0
27,27,SEA,Brady Lail,27,2,0,2.0,10.0%,0.0%,4.5,0.375,38.5%,33.3%,20.0%,13.5,8.67,6.58,0.0
28,28,SEA,Aaron Fletcher,25,4,0,3.2,10.0%,5.0%,2.45,0.375,45.5%,47.1%,25.0%,12.27,6.44,4.82,-0.1
29,29,SEA,Diego Castillo,27,24,0,22.0,29.5%,8.0%,1.64,0.213,82.5%,54.9%,23.5%,2.86,4.67,3.67,-0.1
30,30,SEA,Ryan Weber,30,2,0,3.0,8.3%,16.7%,3.0,0.0,76.9%,50.0%,100.0%,6.0,9.84,6.09,-0.1
31,31,SEA,Daniel Zamora,28,4,0,4.1,16.7%,5.6%,2.08,0.308,43.5%,50.0%,20.0%,6.23,5.48,4.51,-0.1
32,32,SEA,Yohan Ramirez,26,25,0,27.2,30.7%,10.5%,1.95,0.207,77.2%,34.4%,18.8%,3.9,5.09,4.31,-0.1
33,33,SEA,Vinny Nittoli,30,1,0,1.0,16.7%,33.3%,9.0,0.0,62.5%,33.3%,50.0%,18.0,20.17,10.7,-0.1
34,34,SEA,Robert Dugger,25,12,4,25.2,15.7%,9.9%,1.4,0.353,55.6%,36.8%,12.5%,7.36,5.23,5.41,-0.1
35,35,SEA,Ljay Newsome,24,7,1,14.2,23.2%,4.3%,3.07,0.333,56.3%,31.3%,23.8%,7.98,6.03,4.13,-0.1
36,36,SEA,Justus Sheffield,25,21,15,80.1,16.4%,11.2%,1.57,0.35,63.0%,46.3%,16.5%,6.83,5.66,5.26,-0.3
37,37,SEA,Darren McCaughan,25,2,1,9.0,5.1%,10.3%,3.0,0.172,56.8%,51.6%,27.3%,8.0,8.73,6.55,-0.3
38,38,SEA,Team Total,28,746,162,1440.1,21.7%,7.9%,1.23,0.288,71.1%,40.5%,12.1%,4.3,4.26,4.47,14.3
0,0,SF,Kevin Gausman,30,33,33,192.0,29.3%,6.5%,0.94,0.274,78.4%,41.9%,11.3%,2.81,3.0,3.28,4.8
1,1,SF,Logan Webb,24,27,26,148.1,26.5%,6.0%,0.55,0.309,74.7%,60.9%,12.5%,3.03,2.72,2.79,4.1
2,2,SF,Anthony DeSclafani,31,31,31,167.2,22.5%,6.2%,1.02,0.265,78.3%,44.3%,11.0%,3.17,3.62,3.95,3.0
3,3,SF,Alex Wood,30,26,26,138.2,26.0%,6.7%,0.91,0.305,72.9%,50.8%,14.0%,3.83,3.48,3.44,2.5
4,4,SF,Johnny Cueto,35,22,21,114.2,20.0%,6.1%,1.18,0.327,74.3%,38.1%,12.0%,4.08,4.05,4.27,1.5
5,5,SF,Tyler Rogers,30,80,0,81.0,16.9%,4.0%,0.56,0.278,81.2%,57.6%,7.7%,2.22,3.28,3.89,1.3
6,6,SF,Jake McGee,34,62,0,59.2,24.3%,4.2%,1.06,0.228,67.1%,35.9%,9.3%,2.72,3.35,4.05,1.1
7,7,SF,Jose Alvarez,32,67,1,64.2,15.8%,7.1%,0.28,0.251,70.8%,50.5%,3.4%,2.37,3.15,4.36,1.0
8,8,SF,Dominic Leone,29,57,4,53.2,22.8%,10.0%,0.34,0.243,78.7%,47.5%,3.7%,1.51,3.08,4.37,0.9
9,9,SF,Tony Watson,36,26,0,24.1,21.1%,4.4%,0.37,0.212,62.5%,37.9%,3.3%,2.96,2.64,4.28,0.6
10,10,SF,Jarlin Garcia,28,58,0,68.2,25.3%,6.7%,1.18,0.227,75.8%,40.4%,13.6%,2.62,3.77,3.76,0.4
11,11,SF,Aaron Sanchez,28,9,7,35.1,16.7%,9.6%,0.51,0.275,80.9%,52.3%,5.9%,3.06,4.05,5.01,0.4
12,12,SF,Kervin Castro,22,10,0,13.1,23.2%,7.1%,0.0,0.333,94.1%,36.8%,0.0%,0.0,2.12,4.1,0.4
13,13,SF,Zack Littell,25,63,2,61.2,25.0%,9.5%,1.02,0.25,77.2%,46.9%,11.7%,2.92,3.87,4.11,0.3
14,14,SF,Camilo Doval,23,29,0,27.0,33.9%,8.3%,1.33,0.259,81.2%,48.4%,20.0%,3.0,3.47,2.85,0.3
15,15,SF,Sammy Long,25,12,5,40.2,21.6%,8.5%,1.11,0.278,58.3%,39.2%,9.4%,5.53,4.23,4.93,0.2
16,16,SF,Conner Menez,26,8,1,14.0,24.2%,4.8%,1.29,0.333,55.6%,59.1%,28.6%,3.86,3.53,2.55,0.2
17,17,SF,Caleb Baragar,27,25,0,23.0,16.3%,12.2%,0.39,0.273,82.8%,22.7%,2.6%,1.57,4.3,6.65,0.1
18,18,SF,Jay Jackson,33,23,1,21.2,31.1%,13.3%,1.25,0.255,78.9%,27.1%,11.5%,3.74,4.05,4.36,0.1
19,19,SF,Nick Tropeano,30,4,0,6.0,8.7%,8.7%,0.0,0.211,66.7%,61.1%,0.0%,1.5,3.5,4.39,0.0
20,20,SF,Wandy Peralta,29,10,0,8.1,21.6%,8.1%,1.08,0.4,71.4%,53.8%,12.5%,5.4,3.89,4.02,0.0
21,21,SF,Matt Wisler,28,21,0,19.1,31.7%,7.3%,1.86,0.326,61.9%,28.0%,16.7%,6.05,4.1,3.6,0.0
22,22,SF,Tyler Beede,28,1,0,1.0,33.3%,0.0%,0.0,0.667,0.0%,33.3%,0.0%,27.0,2.17,3.93,0.0
23,23,SF,Darin Ruf,34,1,0,1.0,0.0%,0.0%,0.0,0.5,33.3%,16.7%,0.0%,18.0,3.17,10.23,0.0
24,24,SF,Mike Tauchman,30,1,0,1.0,0.0%,0.0%,0.0,0.5,66.7%,33.3%,0.0%,9.0,3.17,6.7,0.0
25,25,SF,Austin Slater,28,1,0,0.1,0.0%,50.0%,0.0,0.0,100.0%,0.0%,0.0%,0.0,12.17,17.46,0.0
26,26,SF,Tyler Chatwood,31,2,0,4.0,30.0%,5.0%,2.25,0.455,45.5%,33.3%,33.3%,6.75,4.92,2.99,0.0
27,27,SF,Reyes Moronta,28,4,0,4.0,15.4%,0.0%,2.25,0.0,100.0%,54.5%,20.0%,2.25,5.42,4.38,0.0
28,28,SF,John Brebbia,31,18,0,18.1,25.3%,4.6%,1.96,0.382,70.9%,27.6%,15.4%,5.89,4.59,4.25,-0.1
29,29,SF,Jimmie Sherfy,29,10,0,10.2,19.6%,8.7%,1.69,0.233,80.4%,38.7%,13.3%,4.22,5.33,5.37,-0.1
30,30,SF,Sam Selman,30,7,0,8.0,24.2%,12.1%,2.25,0.111,80.6%,20.0%,14.3%,4.5,6.3,6.13,-0.1
31,31,SF,Scott Kazmir,37,5,4,11.1,18.2%,10.9%,2.38,0.333,71.4%,47.4%,23.1%,6.35,6.43,5.02,-0.2
32,32,SF,Jose Quintana,32,5,0,9.2,27.9%,14.0%,2.79,0.227,91.8%,52.0%,33.3%,4.66,6.58,4.19,-0.2
33,33,SF,Gregory Santos,21,3,0,2.0,23.1%,15.4%,13.5,0.4,35.7%,37.5%,60.0%,22.5,22.67,7.58,-0.5
34,34,SF,Team Total,29,761,162,1455.0,23.7%,6.9%,0.93,0.279,74.9%,45.6%,10.9%,3.25,3.55,3.87,21.9
0,0,STL,Adam Wainwright,39,32,32,206.1,21.0%,6.0%,0.92,0.256,78.4%,47.5%,11.7%,3.05,3.66,3.87,3.8
1,1,STL,Giovanny Gallegos,29,73,0,80.1,30.6%,6.5%,0.67,0.246,71.4%,33.0%,6.9%,3.02,2.75,3.69,2.2
2,2,STL,Kwang-hyun Kim,32,27,21,106.2,17.7%,8.6%,1.01,0.271,76.5%,47.4%,10.9%,3.46,4.34,4.7,1.2
3,3,STL,Genesis Cabrera,24,71,0,70.0,26.0%,12.2%,0.39,0.28,69.8%,42.0%,4.5%,3.73,3.28,4.39,1.1
4,4,STL,Jack Flaherty,25,17,15,78.1,26.4%,8.1%,1.38,0.233,74.8%,38.9%,15.6%,3.22,4.22,3.96,0.9
5,5,STL,Luis Garcia,34,34,0,33.1,25.2%,5.9%,0.54,0.256,70.5%,45.7%,6.7%,3.24,2.72,3.53,0.7
6,6,STL,Carlos Martinez,29,16,16,82.1,15.7%,9.9%,0.87,0.275,58.5%,50.2%,10.8%,6.23,4.76,5.08,0.6
7,7,STL,Miles Mikolas,32,9,9,44.2,16.7%,5.9%,1.21,0.272,67.2%,49.3%,14.6%,4.23,4.4,4.27,0.5
8,8,STL,J.A. Happ,38,11,11,54.0,19.9%,7.5%,1.5,0.277,79.8%,34.6%,12.3%,4.0,4.61,4.83,0.4
9,9,STL,Kodi Whitley,26,25,0,25.1,26.7%,11.9%,0.36,0.23,74.2%,38.7%,3.8%,2.49,2.97,4.27,0.4
10,10,STL,Jake Woodford,24,26,8,67.2,17.1%,8.5%,0.93,0.291,75.1%,41.3%,9.6%,3.99,4.5,5.06,0.3
11,11,STL,Ryan Helsley,26,51,0,47.1,22.8%,13.1%,0.76,0.281,70.0%,42.0%,9.5%,4.56,3.99,4.46,0.3
12,12,STL,T.J. McFarland,32,38,0,38.2,14.6%,6.3%,0.7,0.261,81.5%,63.7%,12.0%,2.56,3.79,3.92,0.3
13,13,STL,Dakota Hudson,26,2,1,8.2,17.6%,2.9%,0.0,0.269,77.8%,65.4%,0.0%,2.08,2.48,3.9,0.3
14,14,STL,Alex Reyes,26,69,0,72.1,30.0%,16.4%,1.12,0.233,77.8%,37.0%,12.3%,3.24,4.4,4.56,0.2
15,15,STL,John Gant,28,25,14,76.1,16.2%,16.2%,0.71,0.261,79.8%,44.6%,9.2%,3.42,5.12,5.6,0.1
16,16,STL,Angel Rondon,23,2,0,2.0,14.3%,14.3%,0.0,0.2,100.0%,20.0%,0.0%,0.0,3.67,6.32,0.0
17,17,STL,Brandon Waddell,27,4,0,4.1,27.3%,22.7%,0.0,0.364,77.8%,45.5%,0.0%,4.15,3.86,4.68,0.0
18,18,STL,Jordan Hicks,24,10,0,10.0,22.7%,22.7%,0.0,0.208,60.0%,70.8%,0.0%,5.4,4.17,4.88,0.0
19,19,STL,Seth Elledge,25,11,0,11.2,21.2%,13.5%,0.77,0.375,76.5%,36.4%,7.7%,4.63,4.46,5.31,0.0
20,20,STL,Bernardo Flores Jr.,25,1,0,0.0,0.0%,66.7%,0.0,1.0,66.7%,0.0%,0.0%,9.0,9.17,9.17,0.0
21,21,STL,Matt Carpenter,35,1,0,1.1,0.0%,0.0%,0.0,0.4,100.0%,0.0%,0.0%,0.0,5.42,9.39,0.0
22,22,STL,Jon Lester,37,12,12,66.0,14.0%,9.1%,1.5,0.277,76.9%,45.8%,16.7%,4.36,5.4,5.0,0.0
23,23,STL,Roel Ramirez,26,1,0,0.1,0.0%,50.0%,0.0,0.5,0.0%,50.0%,0.0%,81.0,21.17,21.17,0.0
24,24,STL,Brandon Dickson,36,2,0,2.0,10.0%,0.0%,4.5,0.5,55.6%,55.6%,33.3%,13.5,8.67,4.82,0.0
25,25,STL,Wade LeBlanc,36,12,8,42.1,12.2%,8.5%,1.49,0.273,86.7%,34.7%,11.7%,3.61,5.58,5.93,-0.1
26,26,STL,Andrew Miller,36,40,0,36.0,24.4%,9.8%,1.25,0.367,78.2%,43.6%,13.2%,4.75,4.5,4.56,-0.1
27,27,STL,Johan Oviedo,23,14,13,62.1,17.7%,12.8%,1.16,0.285,70.0%,48.2%,14.0%,4.91,5.27,5.22,-0.1
28,28,STL,Justin Miller,34,18,0,16.0,13.2%,7.4%,1.13,0.26,72.9%,27.5%,8.7%,4.5,4.98,5.89,-0.1
29,29,STL,Junior Fernandez,24,18,0,20.2,15.5%,15.5%,0.87,0.354,72.6%,43.9%,14.3%,5.66,5.15,5.09,-0.1
30,30,STL,Tyler Webb,30,22,0,16.1,15.2%,20.7%,0.55,0.362,37.9%,32.8%,4.2%,13.22,5.74,7.54,-0.1
31,31,STL,Daniel Ponce de Leon,29,24,2,33.1,15.2%,13.9%,1.35,0.265,67.3%,36.2%,9.8%,6.21,6.11,6.86,-0.5
32,32,STL,Team Total,29,718,162,1417.0,20.3%,10.1%,0.97,0.272,73.2%,43.7%,10.8%,4.0,4.3,4.66,12.1
0,0,TB,Tyler Glasnow,27,14,14,88.0,36.2%,7.9%,1.02,0.25,82.4%,45.3%,14.3%,2.66,2.77,2.7,2.5
1,1,TB,Shane McClanahan,24,25,25,123.1,27.3%,7.2%,1.02,0.328,78.9%,45.5%,14.3%,3.43,3.31,3.23,2.5
2,2,TB,Collin McHugh,34,37,7,64.0,30.0%,4.9%,0.42,0.288,81.3%,44.2%,5.4%,1.55,2.12,3.06,1.8
3,3,TB,Andrew Kittredge,31,57,4,71.2,27.3%,5.3%,0.88,0.267,82.3%,53.5%,13.5%,1.88,3.04,3.05,1.5
4,4,TB,Drew Rasmussen,25,20,10,59.0,20.9%,5.7%,0.46,0.247,77.7%,51.5%,6.4%,2.44,2.86,3.61,1.4
5,5,TB,Ryan Yarbrough,29,30,21,155.0,17.9%,4.1%,1.45,0.291,62.8%,35.8%,12.8%,5.11,4.45,4.59,1.2
6,6,TB,Matt Wisler,28,27,0,29.1,31.9%,4.4%,0.61,0.29,67.5%,22.5%,5.6%,2.15,2.22,3.49,1.1
7,7,TB,Michael Wacha,29,29,23,124.2,22.9%,5.9%,1.66,0.312,69.7%,39.5%,17.7%,5.05,4.47,3.91,1.1
8,8,TB,Pete Fairbanks,27,47,0,42.2,29.6%,11.1%,0.42,0.349,67.6%,42.7%,4.9%,3.59,2.7,3.79,1.0
9,9,TB,Diego Castillo,27,37,0,36.1,33.8%,6.9%,1.24,0.263,76.7%,45.7%,16.7%,2.72,3.17,2.84,0.8
10,10,TB,Luis Patino,21,19,15,77.1,22.2%,8.7%,1.4,0.265,72.4%,30.8%,10.8%,4.31,4.51,5.03,0.6
11,11,TB,Ryan Thompson,29,36,0,34.0,27.6%,6.7%,0.79,0.277,79.3%,48.2%,10.3%,2.38,3.11,3.47,0.6
12,12,TB,Rich Hill,41,19,19,95.1,23.4%,9.3%,1.32,0.254,78.5%,40.4%,13.7%,3.87,4.55,4.53,0.6
13,13,TB,Dietrich Enns,30,9,0,22.1,28.4%,6.8%,0.4,0.286,69.4%,28.1%,3.4%,2.82,2.32,4.03,0.6
14,14,TB,Josh Fleming,25,26,11,104.1,14.5%,6.9%,0.95,0.293,65.3%,55.7%,12.8%,5.09,4.27,4.36,0.5
15,15,TB,Louis Head,31,27,2,35.0,23.9%,6.7%,0.51,0.216,76.2%,31.1%,3.8%,2.31,3.11,5.04,0.4
16,16,TB,Jeffrey Springs,28,43,0,44.2,35.2%,7.8%,1.81,0.28,76.9%,34.3%,21.4%,3.43,3.91,2.95,0.2
17,17,TB,Hunter Strickland,32,13,0,16.0,24.2%,9.1%,0.56,0.302,86.0%,40.9%,5.6%,1.69,3.11,4.28,0.2
18,18,TB,Shane Baz,22,3,3,13.1,36.7%,6.1%,2.03,0.12,100.0%,42.9%,23.1%,2.03,4.07,2.87,0.2
19,19,TB,Chris Archer,32,6,5,19.1,25.3%,9.6%,1.4,0.294,68.8%,31.5%,10.7%,4.66,4.26,4.79,0.2
20,20,TB,J.P. Feyereisen,28,34,0,36.2,21.0%,14.0%,0.74,0.232,77.6%,32.0%,5.9%,2.45,4.23,5.62,0.1
21,21,TB,Chris Mazza,31,14,0,27.1,18.8%,6.3%,0.99,0.291,68.2%,36.6%,8.1%,4.61,4.05,5.01,0.1
22,22,TB,Trevor Richards,28,6,0,12.0,34.0%,6.4%,1.5,0.269,65.2%,28.6%,20.0%,4.5,3.42,2.72,0.1
23,23,TB,Chris Ellis,28,1,0,4.0,43.8%,6.3%,0.0,0.375,100.0%,25.0%,0.0%,0.0,0.42,2.18,0.1
24,24,TB,Ryan Sherriff,31,16,0,14.2,22.2%,12.5%,0.0,0.326,59.3%,46.5%,0.0%,5.52,3.65,5.45,0.1
25,25,TB,Adam Conley,31,17,0,19.2,21.1%,7.9%,0.92,0.24,88.5%,48.1%,11.8%,2.29,4.09,4.29,0.1
26,26,TB,David Robertson,36,12,1,12.0,32.0%,8.0%,1.5,0.321,65.6%,40.0%,20.0%,4.5,3.67,2.97,0.1
27,27,TB,DJ Johnson,31,3,0,2.2,25.0%,0.0%,0.0,0.0,100.0%,80.0%,0.0%,0.0,1.67,1.67,0.1
28,28,TB,Sean Poppen,27,1,0,0.2,50.0%,0.0%,0.0,0.0,100.0%,100.0%,0.0%,0.0,0.17,0.17,0.0
29,29,TB,Chaz Roe,34,1,0,0.2,50.0%,25.0%,0.0,1.0,0.0%,0.0%,0.0%,27.0,1.67,1.67,0.0
30,30,TB,Joey Krehbiel,28,1,0,1.0,50.0%,25.0%,0.0,0.0,100.0%,100.0%,0.0%,0.0,2.17,2.17,0.0
31,31,TB,Brett Phillips,27,1,0,1.0,0.0%,28.6%,0.0,0.4,75.0%,60.0%,0.0%,9.0,9.17,10.93,0.0
32,32,TB,Evan Phillips,26,1,0,3.0,16.7%,0.0%,3.0,0.222,100.0%,40.0%,33.3%,3.0,6.17,3.6,0.0
33,33,TB,Jordan Luplow,27,1,0,1.0,0.0%,0.0%,9.0,0.25,100.0%,20.0%,25.0%,9.0,16.17,10.23,-0.1
34,34,TB,Francisco Mejia,25,2,0,2.0,0.0%,0.0%,4.5,0.455,30.3%,50.0%,20.0%,27.0,12.67,10.58,-0.1
35,35,TB,Cody Reed,28,12,0,9.2,16.7%,14.3%,0.93,0.259,73.5%,48.1%,14.3%,3.72,5.24,5.17,-0.1
36,36,TB,David Hess,27,1,0,2.0,13.3%,6.7%,13.5,0.556,62.5%,25.0%,60.0%,27.0,22.17,7.08,-0.2
37,37,TB,JT Chargois,30,25,0,23.2,24.5%,14.3%,1.14,0.214,96.9%,45.8%,11.5%,1.9,4.69,4.98,-0.2
38,38,TB,Nick Anderson,30,6,0,6.0,4.2%,8.3%,3.0,0.105,93.8%,15.0%,14.3%,4.5,8.17,7.95,-0.2
39,39,TB,Shawn Armstrong,30,11,0,16.0,33.8%,7.7%,2.81,0.188,90.0%,32.4%,26.3%,4.5,5.61,3.64,-0.2
40,40,TB,Brent Honeywell,26,3,2,4.1,19.0%,14.3%,4.15,0.25,76.9%,42.9%,40.0%,8.31,9.4,5.44,-0.2
41,41,TB,Team Total,29,693,162,1455.2,24.6%,7.3%,1.14,0.281,73.7%,41.5%,12.3%,3.67,3.79,3.97,18.7
0,0,TEX,Kyle Gibson,33,19,19,113.0,20.4%,8.9%,0.72,0.267,79.7%,50.8%,9.9%,2.87,3.76,4.15,1.9
1,1,TEX,Dane Dunning,26,27,25,117.2,22.3%,8.4%,0.99,0.338,72.9%,53.9%,14.3%,4.51,3.94,3.87,1.8
2,2,TEX,Spencer Patton,33,42,0,42.1,27.9%,8.7%,0.85,0.305,68.3%,41.3%,9.5%,3.83,3.19,3.72,0.6
3,3,TEX,John King,26,27,0,46.0,20.7%,6.2%,0.59,0.284,62.5%,57.0%,11.5%,3.52,3.32,3.47,0.6
4,4,TEX,Brett Martin,26,66,0,62.1,15.9%,5.3%,0.72,0.305,67.6%,57.4%,10.0%,3.18,3.54,3.91,0.6
5,5,TEX,Glenn Otto,25,6,6,23.1,25.2%,7.2%,0.77,0.423,45.9%,44.4%,10.5%,9.26,3.17,3.49,0.6
6,6,TEX,Ian Kennedy,36,32,0,32.1,27.8%,5.6%,1.39,0.278,92.6%,28.6%,12.8%,2.51,3.66,3.78,0.4
7,7,TEX,Joe Barlow,25,31,0,29.0,24.3%,10.8%,0.62,0.143,70.8%,37.5%,6.1%,1.55,3.45,4.56,0.4
8,8,TEX,Jharel Cotton,29,23,0,30.2,21.9%,10.9%,0.59,0.295,78.2%,28.4%,4.2%,3.52,3.72,5.64,0.3
9,9,TEX,Josh Sborz,27,63,0,59.0,26.8%,12.5%,1.07,0.302,74.1%,41.9%,12.1%,3.97,4.0,4.19,0.3
10,10,TEX,Joely Rodriguez,29,31,0,27.1,23.4%,9.4%,0.99,0.349,62.8%,63.9%,20.0%,5.93,3.72,3.26,0.3
11,11,TEX,Drew Anderson,27,9,1,22.0,9.9%,6.6%,0.41,0.257,74.2%,39.2%,3.1%,3.27,3.9,5.87,0.1
12,12,TEX,Dennis Santana,25,39,0,39.2,23.3%,12.9%,0.91,0.26,68.3%,48.0%,11.4%,3.63,4.15,4.4,0.1
13,13,TEX,Taylor Hearn,26,42,11,104.1,20.9%,9.5%,1.47,0.275,70.8%,39.4%,13.7%,4.66,4.82,4.8,0.1
14,14,TEX,Jordan Lyles,30,32,30,180.0,19.0%,7.3%,1.9,0.299,75.1%,37.6%,17.4%,5.15,5.34,4.73,0.0
15,15,TEX,Charlie Culberson,32,2,0,2.0,0.0%,0.0%,0.0,0.286,100.0%,42.9%,0.0%,0.0,3.17,5.82,0.0
16,16,TEX,Brock Holt,33,1,0,1.0,0.0%,0.0%,0.0,0.333,100.0%,33.3%,0.0%,0.0,3.17,4.93,0.0
17,17,TEX,Demarcus Evans,24,25,0,26.1,27.5%,13.3%,1.37,0.303,70.6%,18.8%,10.0%,5.13,4.58,5.28,0.0
18,18,TEX,Nick Snyder,25,4,0,3.2,6.7%,20.0%,0.0,0.273,66.7%,54.5%,0.0%,4.91,5.08,6.04,0.0
19,19,TEX,Hunter Wood,27,5,0,5.0,26.3%,10.5%,1.8,0.091,76.9%,16.7%,11.1%,3.6,4.97,5.55,0.0
20,20,TEX,A.J. Alexy,23,5,4,23.0,17.5%,17.5%,1.57,0.155,74.8%,23.3%,12.5%,4.7,6.3,6.49,-0.1
21,21,TEX,Spencer Howard,24,8,8,21.1,20.6%,9.8%,2.11,0.348,38.7%,38.0%,19.2%,9.7,5.65,4.76,-0.1
22,22,TEX,Jimmy Herget,27,4,0,4.0,11.1%,0.0%,2.25,0.286,21.7%,46.7%,16.7%,9.0,6.17,5.57,-0.1
23,23,TEX,Kyle Cody,26,7,0,11.1,25.5%,3.6%,2.38,0.394,59.5%,45.7%,25.0%,7.94,5.46,3.89,-0.1
24,24,TEX,Brett de Geus,23,19,0,26.2,20.5%,10.2%,1.01,0.354,54.6%,55.6%,20.0%,8.44,4.82,4.35,-0.1
25,25,TEX,Jake Latz,25,1,1,4.2,21.1%,0.0%,5.79,0.167,100.0%,20.0%,33.3%,5.79,9.81,4.86,-0.2
26,26,TEX,Matt Bush,35,4,0,4.0,29.4%,5.9%,6.75,0.125,100.0%,27.3%,37.5%,6.75,11.17,4.95,-0.2
27,27,TEX,Kolby Allard,23,32,17,124.2,19.5%,5.8%,2.09,0.27,67.8%,38.5%,17.9%,5.41,5.37,4.64,-0.3
28,28,TEX,Hyeon-jong Yang,33,12,4,35.1,15.6%,10.0%,2.29,0.303,75.4%,41.7%,21.4%,5.6,6.51,5.3,-0.4
29,29,TEX,Wes Benjamin,27,13,2,22.2,17.0%,15.2%,2.38,0.329,61.2%,30.3%,15.4%,8.74,7.18,6.78,-0.5
30,30,TEX,Kohei Arihara,28,10,10,40.2,13.5%,7.3%,2.43,0.27,66.5%,40.7%,21.2%,6.64,6.76,5.5,-0.6
31,31,TEX,Mike Foltynewicz,29,28,24,139.0,16.6%,6.1%,2.27,0.254,72.6%,37.6%,19.2%,5.44,6.02,5.06,-0.8
32,32,TEX,Team Total,28,669,162,1424.1,20.3%,8.4%,1.47,0.288,70.3%,42.4%,14.9%,4.8,4.76,4.57,4.5
0,0,TOR,Robbie Ray,29,32,32,193.1,32.1%,6.7%,1.54,0.268,90.1%,37.2%,15.9%,2.84,3.69,3.36,3.9
1,1,TOR,Steven Matz,30,29,29,150.2,22.3%,6.6%,1.08,0.321,75.4%,45.5%,12.3%,3.82,3.79,3.94,2.8
2,2,TOR,Hyun-Jin Ryu,34,31,31,169.0,20.4%,5.3%,1.28,0.295,70.7%,46.8%,14.1%,4.37,4.02,3.94,2.5
3,3,TOR,Alek Manoah,23,20,20,111.2,27.7%,8.7%,0.97,0.246,76.6%,38.8%,10.7%,3.22,3.8,4.17,2.0
4,4,TOR,Jose Berrios,27,12,12,70.1,26.8%,4.5%,1.02,0.303,74.2%,41.5%,11.1%,3.58,3.28,3.61,1.7
5,5,TOR,Jordan Romano,28,62,0,63.0,33.6%,9.9%,1.0,0.252,87.4%,46.8%,12.5%,2.14,3.15,3.28,1.2
6,6,TOR,Tim Mayza,29,61,0,53.0,27.1%,5.7%,0.85,0.263,70.8%,58.8%,16.1%,3.4,3.09,2.9,0.9
7,7,TOR,Adam Cimber,30,39,0,37.1,20.5%,3.4%,0.48,0.271,79.5%,57.8%,6.5%,1.69,2.82,3.59,0.7
8,8,TOR,David Phelps,34,11,1,10.1,35.7%,9.5%,0.0,0.364,84.6%,40.9%,0.0%,0.87,1.72,3.08,0.4
9,9,TOR,Ross Stripling,31,24,19,101.1,21.8%,7.0%,2.04,0.27,76.9%,35.5%,17.2%,4.8,5.21,4.6,0.2
10,10,TOR,Tayler Saucedo,28,29,0,25.2,17.4%,9.2%,0.35,0.273,61.3%,60.3%,5.6%,4.56,3.6,4.33,0.2
11,11,TOR,Anthony Castro,26,25,0,24.2,29.4%,7.3%,1.46,0.306,66.9%,48.5%,16.0%,4.74,4.02,3.7,0.2
12,12,TOR,Tyler Chatwood,31,30,0,28.0,25.6%,16.0%,0.32,0.275,62.5%,52.9%,7.1%,5.46,3.81,4.23,0.2
13,13,TOR,Joel Payamps,27,22,0,30.0,18.5%,9.2%,0.9,0.22,79.9%,47.1%,8.3%,2.7,4.2,5.02,0.2
14,14,TOR,Kirby Snead,26,7,0,7.2,23.3%,6.7%,0.0,0.35,70.0%,35.0%,0.0%,2.35,2.52,3.44,0.1
15,15,TOR,Tommy Milone,34,6,1,14.0,26.2%,4.6%,1.93,0.405,69.1%,42.2%,20.0%,6.43,4.17,3.27,0.1
16,16,TOR,Jacob Barnes,31,10,0,10.0,30.6%,12.2%,0.9,0.423,68.2%,33.3%,12.5%,6.3,3.57,3.68,0.1
17,17,TOR,A.J. Cole,29,6,0,8.0,23.3%,3.3%,1.13,0.238,100.0%,27.3%,7.7%,1.13,3.42,4.66,0.1
18,18,TOR,Rafael Dolis,33,39,0,32.0,25.0%,17.3%,0.56,0.318,67.6%,41.4%,6.3%,5.63,4.36,5.31,0.1
19,19,TOR,Connor Overton,27,4,0,6.2,16.7%,8.3%,0.0,0.222,100.0%,38.9%,0.0%,0.0,2.87,4.72,0.1
20,20,TOR,Trevor Richards,28,32,0,32.2,30.3%,8.2%,1.93,0.132,80.2%,32.9%,18.4%,3.31,4.61,3.88,0.1
21,21,TOR,Bryan Baker,26,1,0,1.0,25.0%,0.0%,0.0,0.333,100.0%,0.0%,0.0%,0.0,1.17,4.7,0.0
22,22,TOR,Nick Allgeyer,25,1,0,1.0,0.0%,0.0%,0.0,0.0,100.0%,33.3%,0.0%,0.0,3.17,6.7,0.0
23,23,TOR,Nate Pearson,24,12,1,15.0,28.2%,16.9%,1.2,0.324,77.6%,41.0%,11.1%,4.2,4.64,5.02,0.0
24,24,TOR,Anthony Kay,26,11,5,33.2,25.0%,11.5%,1.87,0.348,75.2%,46.9%,26.9%,5.61,5.43,4.09,0.0
25,25,TOR,Ty Tice,24,4,0,7.0,17.6%,11.8%,1.29,0.364,79.4%,21.7%,9.1%,5.14,5.46,6.37,0.0
26,26,TOR,Thomas Hatch,26,3,2,9.1,17.8%,13.3%,1.93,0.321,72.4%,33.3%,15.4%,6.75,6.49,6.16,-0.1
27,27,TOR,Patrick Murphy,26,8,0,9.1,13.6%,9.1%,0.96,0.355,72.3%,43.8%,12.5%,4.82,5.21,5.33,-0.1
28,28,TOR,Joakim Soria,37,10,0,8.0,26.5%,11.8%,2.25,0.316,54.3%,28.6%,25.0%,7.88,5.67,4.18,-0.1
29,29,TOR,Carl Edwards Jr.,29,6,0,5.1,19.2%,7.7%,3.38,0.353,83.3%,31.6%,22.2%,6.75,7.3,5.4,-0.2
30,30,TOR,Tanner Roark,34,3,1,7.0,16.1%,6.5%,3.86,0.19,41.7%,37.5%,30.0%,6.43,8.17,5.12,-0.2
31,31,TOR,Travis Bergen,27,10,1,10.2,13.0%,17.4%,0.84,0.138,95.6%,33.3%,6.3%,1.69,6.08,7.5,-0.2
32,32,TOR,Jeremy Beasley,25,8,0,9.1,27.7%,19.1%,2.89,0.2,65.2%,13.0%,18.8%,7.71,8.1,6.94,-0.2
33,33,TOR,Ryan Borucki,27,24,0,23.2,21.4%,11.2%,1.9,0.217,69.6%,60.9%,27.8%,4.94,5.66,4.26,-0.3
34,34,TOR,Julian Merryweather,29,13,1,13.0,21.8%,7.3%,2.77,0.265,88.7%,40.5%,25.0%,4.85,6.48,4.65,-0.3
35,35,TOR,Trent Thornton,27,37,3,49.0,24.1%,7.4%,2.2,0.318,71.7%,39.9%,22.6%,4.78,5.46,4.18,-0.4
36,36,TOR,Brad Hand,31,11,0,8.2,12.2%,7.3%,3.12,0.333,50.8%,30.3%,17.6%,7.27,7.55,6.52,-0.4
37,37,TOR,T.J. Zeuch,25,5,3,15.0,10.8%,12.2%,3.6,0.294,64.8%,47.4%,26.1%,6.6,9.1,6.61,-0.6
38,38,TOR,Team Total,29,698,162,1405.1,24.8%,8.0%,1.34,0.284,75.5%,43.0%,14.5%,3.91,4.18,4.06,14.6
0,0,WAS,Max Scherzer,36,19,19,111.0,34.3%,6.5%,1.46,0.233,86.8%,32.4%,14.6%,2.76,3.6,3.45,2.5
1,1,WAS,Joe Ross,28,20,19,108.0,23.7%,7.4%,1.42,0.277,71.4%,43.2%,15.5%,4.17,4.36,4.12,1.3
2,2,WAS,Erick Fedde,28,29,27,133.1,21.7%,8.1%,1.55,0.313,64.7%,49.7%,18.5%,5.47,4.66,4.06,1.2
3,3,WAS,Paolo Espino,34,35,19,109.2,20.2%,5.5%,1.56,0.28,75.4%,36.0%,13.6%,4.27,4.46,4.46,1.1
4,4,WAS,Daniel Hudson,34,31,0,32.2,37.8%,5.5%,1.1,0.279,86.1%,31.0%,10.8%,2.2,2.47,2.87,1.0
5,5,WAS,Patrick Murphy,26,17,0,18.2,27.4%,7.1%,0.96,0.333,62.0%,47.2%,15.4%,5.3,3.38,3.22,0.3
6,6,WAS,Josiah Gray,23,12,12,62.2,23.2%,10.3%,2.15,0.25,73.8%,30.6%,16.1%,5.31,5.71,5.21,0.2
7,7,WAS,Patrick Corbin,31,31,31,171.2,19.0%,8.0%,1.94,0.305,69.4%,47.2%,22.6%,5.82,5.41,4.29,0.2
8,8,WAS,Gabe Klobosits,26,11,0,11.1,9.6%,9.6%,0.0,0.317,57.9%,42.5%,0.0%,5.56,3.88,6.83,0.2
9,9,WAS,Brad Hand,31,41,0,42.2,23.1%,9.9%,1.05,0.232,68.1%,39.5%,11.4%,3.59,4.34,4.64,0.2
10,10,WAS,Jhon Romero,26,5,0,4.0,17.6%,0.0%,0.0,0.357,60.0%,35.7%,0.0%,4.5,1.67,4.32,0.1
11,11,WAS,Kyle Finnegan,29,68,0,66.0,23.1%,11.6%,1.23,0.304,69.8%,47.6%,13.8%,3.55,4.52,4.48,0.1
12,12,WAS,Sean Nolin,31,10,5,26.2,16.3%,10.6%,1.35,0.333,82.1%,34.9%,12.1%,4.39,5.31,5.54,0.1
13,13,WAS,Kyle McGowin,29,27,0,30.0,27.3%,10.9%,1.5,0.222,76.7%,33.8%,14.3%,4.2,4.6,4.5,0.1
14,14,WAS,Jon Lester,37,16,16,75.1,14.9%,8.5%,1.67,0.312,70.0%,42.0%,15.2%,5.02,5.43,5.17,0.1
15,15,WAS,Joan Adon,22,1,1,5.1,37.5%,12.5%,1.69,0.5,93.0%,72.7%,100.0%,3.38,4.48,2.38,0.1
16,16,WAS,Hernan Perez,30,2,0,2.0,28.6%,0.0%,0.0,0.2,100.0%,0.0%,0.0%,0.0,1.17,3.82,0.0
17,17,WAS,Will Harris,36,8,0,6.0,30.0%,10.0%,1.5,0.353,46.5%,33.3%,16.7%,9.0,3.84,3.43,0.0
18,18,WAS,Andres Machado,28,40,0,35.2,19.5%,9.7%,1.01,0.26,74.3%,44.2%,10.8%,3.53,4.63,5.0,0.0
19,19,WAS,Josh Rogers,26,6,6,35.2,14.6%,9.3%,1.77,0.236,91.6%,29.7%,12.7%,3.28,5.83,6.0,0.0
20,20,WAS,Stephen Strasburg,32,5,5,21.2,22.1%,14.7%,1.66,0.218,74.8%,35.6%,18.2%,4.57,5.71,5.1,0.0
21,21,WAS,Sam Clay,28,58,0,45.0,15.9%,10.3%,0.8,0.342,65.4%,60.1%,12.9%,5.6,4.61,4.67,0.0
22,22,WAS,Ryne Harper,32,34,0,35.2,20.9%,9.5%,1.51,0.232,78.7%,41.8%,15.8%,4.04,4.96,4.66,-0.1
23,23,WAS,Luis Avilan,31,4,0,5.0,14.8%,11.1%,1.8,0.333,41.7%,31.6%,16.7%,12.6,6.57,6.09,-0.1
24,24,WAS,Austin Voth,29,49,1,57.1,23.8%,11.3%,1.57,0.313,70.8%,37.8%,16.9%,5.34,4.9,4.44,-0.1
25,25,WAS,Kyle Lobstein,31,3,0,1.1,12.5%,12.5%,6.75,0.4,38.5%,50.0%,50.0%,20.25,13.67,6.57,-0.1
26,26,WAS,Alberto Baldonado,28,14,0,10.2,24.5%,14.3%,2.53,0.259,54.7%,27.6%,21.4%,8.44,6.55,5.2,-0.2
27,27,WAS,Mason Thompson,23,27,0,21.2,19.4%,13.0%,1.66,0.353,77.5%,50.0%,19.0%,4.15,5.71,5.02,-0.2
28,28,WAS,Jefry Rodriguez,27,14,1,24.1,17.9%,15.2%,2.22,0.279,78.0%,32.4%,17.6%,5.92,6.95,6.21,-0.3
29,29,WAS,Javy Guerra,35,6,0,6.0,10.8%,8.1%,4.5,0.375,36.2%,32.0%,33.3%,16.5,11.34,7.48,-0.3
30,30,WAS,Justin Miller,34,5,0,3.0,26.7%,6.7%,9.0,0.286,55.6%,44.4%,75.0%,15.0,14.5,3.86,-0.3
31,31,WAS,Tanner Rainey,28,38,0,31.2,27.8%,16.6%,1.71,0.307,61.7%,24.7%,12.2%,7.39,5.63,5.9,-0.3
32,32,WAS,Wander Suero,29,45,0,42.2,23.2%,7.9%,2.32,0.293,59.7%,33.1%,19.3%,6.33,5.8,4.8,-0.4
33,33,WAS,Team Total,30,731,162,1394.1,22.2%,9.0%,1.59,0.289,71.0%,41.0%,16.0%,4.82,4.87,4.53,6.5
