,pitch_type,game_date,release_speed,release_pos_x,release_pos_z,spin_axis,batter,pitcher,events,description,zone,stand,p_throws,home_team,away_team,type,hit_location,bb_type,plate_x,plate_z,umpire,delta_run_exp
189138,176185,FC,20200816,81.0,-1.66,5.56,101.0,456781,596043,field_out,hit_into_play,9.0,R,R,SF,OAK,X,6.0,ground_ball,0.3,1.34,Lew Williams,-0.853
189139,176186,FF,20200816,91.3,-1.47,5.73,204.0,456781,596043,,ball,11.0,R,R,SF,OAK,B,,,-0.26,4.46,Lew Williams,0.229
189140,176187,CU,20200816,74.4,-1.39,5.57,18.0,456781,596043,,blocked_ball,14.0,R,R,SF,OAK,B,,,1.74,-0.36,Lew Williams,0.137
189141,176188,FF,20200816,91.5,-1.53,5.64,204.0,456781,596043,,foul,1.0,R,R,SF,OAK,S,,,-0.64,2.68,Lew Williams,-0.18
189142,176189,FC,20200816,82.4,-1.57,5.64,137.0,456781,596043,,blocked_ball,14.0,R,R,SF,OAK,B,,,1.05,0.46,Lew Williams,0.075
189143,176190,FF,20200816,90.1,-1.49,5.6,208.0,456781,596043,,called_strike,3.0,R,R,SF,OAK,S,,,0.49,2.87,Lew Williams,-0.107
189144,176191,FF,20200816,89.3,-1.56,5.61,192.0,543105,596043,walk,ball,11.0,L,R,SF,OAK,B,,,-1.17,3.21,Lew Williams,0.076
189145,176192,FF,20200816,89.4,-1.57,5.65,204.0,543105,596043,,called_strike,7.0,L,R,SF,OAK,S,,,-0.54,1.99,Lew Williams,-0.104
189146,176193,FF,20200816,90.1,-1.68,5.55,90.0,543105,596043,,ball,13.0,L,R,SF,OAK,B,,,-1.42,2.39,Lew Williams,0.109
189147,176194,CH,20200816,82.9,-1.55,5.57,234.0,543105,596043,,ball,14.0,L,R,SF,OAK,B,,,1.17,1.45,Lew Williams,0.12
189148,176195,FC,20200816,84.7,-1.89,5.55,50.0,543105,596043,,ball,12.0,L,R,SF,OAK,B,,,1.13,2.73,Lew Williams,0.074
189149,176196,CU,20200816,73.5,-1.41,5.56,26.0,573131,596043,strikeout,swinging_strike_blocked,14.0,R,R,SF,OAK,S,2.0,,0.06,0.82,Lew Williams,-0.523
189150,176197,FF,20200816,91.5,-1.48,5.67,212.0,573131,596043,,foul,2.0,R,R,SF,OAK,S,,,0.26,3.17,Lew Williams,-0.128
189151,176198,FC,20200816,86.6,-1.66,5.57,358.0,573131,596043,,blocked_ball,14.0,R,R,SF,OAK,B,,,0.7,0.28,Lew Williams,0.009
189152,176199,FC,20200816,81.4,-1.69,5.71,78.0,573131,596043,,called_strike,5.0,R,R,SF,OAK,S,,,0.03,2.71,Lew Williams,-0.068
189153,176200,FF,20200816,90.6,-1.44,5.65,211.0,643289,596043,single,hit_into_play,7.0,R,R,SF,OAK,X,7.0,line_drive,-0.64,2.15,Lew Williams,0.547
189154,176201,FF,20200816,90.2,-1.51,5.58,208.0,643289,596043,,called_strike,7.0,R,R,SF,OAK,S,,,-0.37,2.19,Lew Williams,-0.044
189155,176202,FF,20200816,91.6,-1.66,5.56,209.0,543063,596043,walk,ball,13.0,L,R,SF,OAK,B,,,-1.27,1.39,Lew Williams,0.109
189156,176203,FF,20200816,90.9,-1.47,5.53,206.0,543063,596043,,ball,14.0,L,R,SF,OAK,B,,,0.2,1.45,Lew Williams,0.091
189157,176204,FC,20200816,86.5,-1.81,5.52,114.0,543063,596043,,ball,14.0,L,R,SF,OAK,B,,,0.05,0.82,Lew Williams,0.04
189158,176205,FC,20200816,82.2,-1.72,5.72,161.0,543063,596043,,ball,11.0,L,R,SF,OAK,B,,,-1.8,2.94,Lew Williams,0.027
189159,176206,FC,20200816,85.9,-1.78,5.57,116.0,623168,596043,field_out,hit_into_play,6.0,L,R,SF,OAK,X,5.0,popup,0.43,2.52,Lew Williams,-0.209
189160,176207,FF,20200816,90.8,-1.43,5.64,215.0,623168,596043,,called_strike,8.0,L,R,SF,OAK,S,,,-0.13,1.56,Lew Williams,-0.042
189161,176208,FA,20200816,70.5,-0.85,6.6,198.0,605353,623168,double_play,hit_into_play,11.0,L,R,SF,OAK,X,8.0,line_drive,-0.09,3.55,Lew Williams,-0.384
189162,176209,FA,20200816,69.8,-0.96,6.57,193.0,605353,623168,,ball,13.0,L,R,SF,OAK,B,,,-0.55,1.34,Lew Williams,0.019
189163,176210,FA,20200816,56.8,-1.23,6.76,199.0,640461,623168,double,hit_into_play,8.0,R,R,SF,OAK,X,7.0,ground_ball,-0.08,1.78,Lew Williams,0.453
189164,176211,FA,20200816,69.4,-1.24,6.61,193.0,640461,623168,,foul,3.0,R,R,SF,OAK,S,,,0.8,3.34,Lew Williams,-0.026
189165,176212,FA,20200816,69.6,-1.18,6.5,194.0,620439,623168,field_out,hit_into_play,5.0,R,R,SF,OAK,X,5.0,ground_ball,-0.02,2.4,Lew Williams,-0.241
189166,176213,FA,20200816,68.0,-1.23,6.57,190.0,620439,623168,,swinging_strike,5.0,R,R,SF,OAK,S,,,-0.12,2.18,Lew Williams,-0.05
189167,176214,FA,20200816,67.3,-1.29,6.69,190.0,620439,623168,,ball,12.0,R,R,SF,OAK,B,,,0.54,3.7,Lew Williams,0.041
189168,176215,FF,20200816,96.1,-2.32,5.93,242.0,527038,621076,field_out,hit_into_play,12.0,R,R,SF,OAK,X,8.0,fly_ball,0.83,3.31,Lew Williams,-0.078
189169,176216,FF,20200816,95.9,-2.52,5.83,264.0,527038,621076,,swinging_strike,12.0,R,R,SF,OAK,S,,,0.88,3.19,Lew Williams,-0.029
189170,176217,FF,20200816,96.3,-2.64,5.9,237.0,527038,621076,,swinging_strike,5.0,R,R,SF,OAK,S,,,0.22,2.68,Lew Williams,-0.022
189171,176218,FF,20200816,95.8,-2.41,5.84,217.0,527038,621076,,ball,14.0,R,R,SF,OAK,B,,,1.58,1.31,Lew Williams,0.018
189172,176219,CU,20200816,83.3,-2.38,5.91,43.0,467055,621076,field_out,hit_into_play,8.0,L,R,SF,OAK,X,8.0,line_drive,0.19,1.91,Lew Williams,-0.148
189173,176220,CH,20200816,86.6,-2.4,5.87,240.0,467055,621076,,swinging_strike,9.0,L,R,SF,OAK,S,,,0.56,1.43,Lew Williams,-0.047
189174,176221,FF,20200816,96.2,-2.55,5.89,220.0,467055,621076,,foul,13.0,L,R,SF,OAK,S,,,-0.27,1.1,Lew Williams,-0.039
189175,176222,FF,20200816,96.1,-2.56,5.79,228.0,467055,621076,,ball,13.0,L,R,SF,OAK,B,,,-1.81,1.64,Lew Williams,0.04
189176,176223,SI,20200816,95.5,-2.5,5.84,226.0,467055,621076,,ball,13.0,L,R,SF,OAK,B,,,-0.1,0.92,Lew Williams,0.027
189177,176224,SI,20200816,94.9,-2.46,5.8,228.0,474832,621076,field_out,hit_into_play,13.0,L,R,SF,OAK,X,4.0,ground_ball,-0.85,1.77,Lew Williams,-0.25
189178,176225,SL,20200816,79.9,2.08,5.78,274.0,669221,572125,strikeout,called_strike,8.0,R,L,SF,OAK,S,2.0,,-0.2,1.96,Lew Williams,-0.078
189179,176226,FF,20200816,90.5,2.23,5.8,162.0,669221,572125,,foul,2.0,R,L,SF,OAK,S,,,0.15,3.57,Lew Williams,0.0
189180,176227,SL,20200816,79.7,2.1,5.9,294.0,669221,572125,,swinging_strike,1.0,R,L,SF,OAK,S,,,-0.6,3.18,Lew Williams,-0.029
189181,176228,SL,20200816,80.4,2.25,5.71,273.0,669221,572125,,called_strike,8.0,R,L,SF,OAK,S,,,0.07,2.02,Lew Williams,-0.022
189182,176229,FF,20200816,92.7,2.17,5.84,154.0,669221,572125,,ball,14.0,R,L,SF,OAK,B,,,0.09,1.26,Lew Williams,0.018
189183,176230,SL,20200816,79.8,2.22,5.8,293.0,572039,572125,field_out,hit_into_play,13.0,R,L,SF,OAK,X,1.0,ground_ball,-0.5,1.07,Lew Williams,-0.103
189184,176231,FF,20200816,90.3,2.16,5.8,138.0,572039,572125,,foul,11.0,R,L,SF,OAK,S,,,-0.91,2.72,Lew Williams,-0.039
189185,176232,SL,20200816,80.4,2.21,5.9,289.0,572039,572125,,called_strike,5.0,R,L,SF,OAK,S,,,-0.26,2.59,Lew Williams,-0.026
189186,176233,SL,20200816,80.2,2.15,5.95,296.0,501981,572125,field_out,hit_into_play,9.0,R,L,SF,OAK,X,4.0,ground_ball,0.4,1.5,Lew Williams,-0.156
189187,176234,FF,20200816,92.8,2.18,5.81,147.0,501981,572125,,ball,12.0,R,L,SF,OAK,B,,,1.4,4.65,Lew Williams,0.001
189188,176235,FF,20200816,92.5,2.23,5.83,161.0,501981,572125,,swinging_strike,2.0,R,L,SF,OAK,S,,,0.21,3.41,Lew Williams,-0.041
189189,176236,FF,20200816,91.9,2.22,5.85,143.0,501981,572125,,foul,4.0,R,L,SF,OAK,S,,,-0.35,2.85,Lew Williams,-0.087
189190,176237,FF,20200816,91.8,2.28,5.73,151.0,543257,572125,triple,hit_into_play,6.0,R,L,SF,OAK,X,8.0,line_drive,0.7,2.4,Lew Williams,1.479
189191,176238,FF,20200816,92.1,2.29,5.7,163.0,543257,572125,,called_strike,7.0,R,L,SF,OAK,S,,,-0.71,1.97,Lew Williams,-0.071
189192,176239,SL,20200816,82.0,2.25,5.79,270.0,543257,572125,,ball,13.0,R,L,SF,OAK,B,,,-1.45,1.96,Lew Williams,0.039
189193,176240,FF,20200816,92.9,2.11,5.82,164.0,592192,572125,single,hit_into_play,12.0,R,L,SF,OAK,X,8.0,line_drive,0.79,3.72,Lew Williams,0.432
189194,176241,SL,20200816,79.8,2.32,5.71,277.0,592192,572125,,called_strike,8.0,R,L,SF,OAK,S,,,-0.13,1.67,Lew Williams,-0.076
189195,176242,FF,20200816,93.0,2.22,5.86,166.0,592192,572125,,ball,12.0,R,L,SF,OAK,B,,,0.34,4.0,Lew Williams,0.051
189196,176243,SL,20200816,80.7,2.28,5.91,288.0,592192,572125,,called_strike,8.0,R,L,SF,OAK,S,,,0.18,1.93,Lew Williams,-0.05
189197,176244,SL,20200816,80.2,2.38,5.92,297.0,592192,572125,,ball,12.0,R,L,SF,OAK,B,,,0.99,3.4,Lew Williams,0.041
189198,176245,SL,20200816,86.8,-2.75,5.73,199.0,456781,621076,strikeout,swinging_strike,14.0,R,R,SF,OAK,S,2.0,,1.1,2.18,Lew Williams,-0.159
189199,176246,FF,20200816,95.8,-2.54,5.92,249.0,456781,621076,,foul_tip,2.0,R,R,SF,OAK,S,,,0.1,2.65,Lew Williams,-0.053
189200,176247,FF,20200816,95.6,-2.7,5.77,226.0,456781,621076,,foul,7.0,R,R,SF,OAK,S,,,-0.4,1.93,Lew Williams,-0.041
189201,176248,FF,20200816,95.9,-2.8,5.75,146.0,543105,621076,field_out,hit_into_play,6.0,L,R,SF,OAK,X,7.0,fly_ball,0.44,2.23,Lew Williams,-0.314
189202,176249,FF,20200816,95.0,-2.82,5.76,218.0,543105,621076,,called_strike,11.0,L,R,SF,OAK,S,,,-1.06,2.91,Lew Williams,-0.127
189203,176250,FF,20200816,95.6,-2.57,5.91,243.0,543105,621076,,ball,14.0,L,R,SF,OAK,B,,,0.14,1.29,Lew Williams,0.115
189204,176251,FF,20200816,95.2,-2.77,5.76,217.0,543105,621076,,ball,1.0,L,R,SF,OAK,B,,,-0.81,3.46,Lew Williams,0.057
189205,176252,CH,20200816,85.7,-2.83,5.88,226.0,543105,621076,,ball,11.0,L,R,SF,OAK,B,,,-1.07,3.53,Lew Williams,0.013
189206,176253,FF,20200816,95.5,-2.68,5.93,220.0,543105,621076,,called_strike,11.0,L,R,SF,OAK,S,,,-0.94,3.22,Lew Williams,-0.044
189207,176254,FF,20200816,94.7,-2.67,5.79,264.0,573131,621076,field_out,hit_into_play,2.0,R,R,SF,OAK,X,4.0,popup,0.23,3.33,Lew Williams,-0.36
189208,176255,FF,20200816,96.9,-2.57,5.89,146.0,573131,621076,,called_strike,1.0,R,R,SF,OAK,S,,,-0.37,3.44,Lew Williams,-0.071
189209,176256,SL,20200816,86.6,-2.89,5.71,10.0,573131,621076,,blocked_ball,14.0,R,R,SF,OAK,B,,,2.32,0.73,Lew Williams,0.039
189210,176257,SL,20200816,86.9,-2.66,5.72,165.0,643289,621076,walk,blocked_ball,14.0,R,R,SF,OAK,B,,,0.7,0.44,Lew Williams,0.332
189211,176258,FF,20200816,96.0,-2.55,5.75,220.0,643289,621076,,foul,2.0,R,R,SF,OAK,S,,,0.02,3.22,Lew Williams,0.0
189212,176259,FF,20200816,96.5,-2.49,5.87,222.0,643289,621076,,ball,13.0,R,R,SF,OAK,B,,,-1.5,2.25,Lew Williams,0.103
189213,176260,FF,20200816,95.7,-2.58,5.8,219.0,643289,621076,,foul,14.0,R,R,SF,OAK,S,,,0.37,1.26,Lew Williams,0.0
189214,176261,FF,20200816,95.4,-2.57,5.74,220.0,643289,621076,,foul,14.0,R,R,SF,OAK,S,,,0.41,1.24,Lew Williams,0.0
189215,176262,FF,20200816,95.0,-2.36,5.88,222.0,643289,621076,,ball,12.0,R,R,SF,OAK,B,,,1.44,2.73,Lew Williams,0.035
189216,176263,CU,20200816,81.2,-2.35,5.98,29.0,643289,621076,,foul,9.0,R,R,SF,OAK,S,,,0.49,1.71,Lew Williams,0.0
189217,176264,FF,20200816,96.4,-2.55,5.79,222.0,643289,621076,,called_strike,14.0,R,R,SF,OAK,S,,,1.08,2.17,Lew Williams,-0.06
189218,176265,SL,20200816,85.0,-2.69,5.76,64.0,643289,621076,,ball,14.0,R,R,SF,OAK,B,,,1.75,0.32,Lew Williams,0.032
189219,176266,SL,20200816,86.4,-2.72,5.68,103.0,643289,621076,,swinging_strike,9.0,R,R,SF,OAK,S,,,0.77,2.12,Lew Williams,-0.042
189220,176267,FF,20200816,96.6,-2.57,5.72,201.0,543063,621076,home_run,hit_into_play,7.0,L,R,SF,OAK,X,,line_drive,-0.44,1.88,Lew Williams,1.01
189221,176268,FF,20200816,95.7,-2.63,5.75,217.0,543063,621076,,swinging_strike,4.0,L,R,SF,OAK,S,,,-0.74,2.5,Lew Williams,-0.05
189222,176269,SI,20200816,96.1,-2.46,5.74,218.0,543063,621076,,ball,14.0,L,R,SF,OAK,B,,,0.36,0.45,Lew Williams,0.041
189223,176270,FF,20200816,95.2,2.12,5.64,157.0,621566,670056,strikeout,swinging_strike,6.0,L,L,SF,OAK,S,2.0,,0.29,2.61,Lew Williams,-0.135
189224,176271,SL,20200816,84.2,2.18,5.63,105.0,621566,670056,,ball,13.0,L,L,SF,OAK,B,,,-0.39,0.31,Lew Williams,0.039
189225,176272,CU,20200816,81.9,2.39,5.65,282.0,621566,670056,,foul,5.0,L,L,SF,OAK,S,,,-0.17,2.32,Lew Williams,-0.032
189226,176273,FF,20200816,95.3,2.17,5.7,156.0,621566,670056,,ball,13.0,L,L,SF,OAK,B,,,-1.33,2.59,Lew Williams,0.021
189227,176274,SL,20200816,84.3,2.25,5.61,,621566,670056,,called_strike,6.0,L,L,SF,OAK,S,,,0.36,2.81,Lew Williams,-0.022
189228,176275,SI,20200816,96.2,2.1,5.59,148.0,621566,670056,,ball,13.0,L,L,SF,OAK,B,,,-1.59,0.26,Lew Williams,0.018
189229,176276,FF,20200816,94.9,2.3,5.6,154.0,656305,670056,field_out,hit_into_play,2.0,R,L,SF,OAK,X,6.0,popup,-0.03,3.3,Lew Williams,-0.148
189230,176277,CU,20200816,81.9,2.27,5.7,301.0,656305,670056,,called_strike,12.0,R,L,SF,OAK,S,,,0.86,3.08,Lew Williams,-0.047
189231,176278,CU,20200816,78.7,2.16,5.77,304.0,656305,670056,,ball,14.0,R,L,SF,OAK,B,,,1.22,1.48,Lew Williams,0.033
189232,176279,FF,20200816,95.0,2.18,5.75,151.0,656305,670056,,swinging_strike,6.0,R,L,SF,OAK,S,,,0.52,2.85,Lew Williams,-0.033
189233,176280,FF,20200816,94.7,2.34,5.67,156.0,656305,670056,,ball,7.0,R,L,SF,OAK,B,,,-0.79,1.84,Lew Williams,0.027
189234,176281,FF,20200816,94.6,2.29,5.58,145.0,640461,670056,field_out,hit_into_play,3.0,R,L,SF,OAK,X,8.0,fly_ball,0.63,3.09,Lew Williams,-0.25
189235,176282,SL,20200816,84.6,-1.43,6.27,192.0,623168,571666,field_out,hit_into_play,3.0,L,R,SF,OAK,X,3.0,popup,0.53,2.77,Lew Williams,-0.485
189236,176283,SL,20200816,85.1,-1.43,6.27,198.0,623168,571666,,swinging_strike,11.0,L,R,SF,OAK,S,,,-0.05,3.39,Lew Williams,-0.071
189237,176284,SI,20200816,88.3,-1.36,6.19,225.0,527038,571666,field_out,hit_into_play,9.0,R,R,SF,OAK,X,9.0,line_drive,0.31,2.07,Lew Williams,-0.424
189238,176285,SL,20200816,85.7,-1.08,6.35,182.0,527038,571666,,ball,14.0,R,R,SF,OAK,B,,,0.99,1.43,Lew Williams,0.077
189239,176286,FF,20200816,87.8,-1.26,6.28,208.0,467055,571666,single,hit_into_play,2.0,L,R,SF,OAK,X,9.0,line_drive,0.17,3.12,Lew Williams,0.503
189240,176287,SI,20200816,87.7,-1.29,6.11,220.0,474832,571666,single,hit_into_play,8.0,L,R,SF,OAK,X,9.0,line_drive,0.13,1.8,Lew Williams,0.166
189241,176288,SL,20200816,84.5,-1.16,6.16,172.0,474832,571666,,ball,14.0,L,R,SF,OAK,B,,,1.66,1.26,Lew Williams,0.072
189242,176289,FF,20200816,87.8,-0.99,6.29,213.0,474832,571666,,foul,5.0,L,R,SF,OAK,S,,,0.06,2.11,Lew Williams,-0.039
189243,176290,CH,20200816,82.1,-1.43,6.1,233.0,474832,571666,,ball,14.0,L,R,SF,OAK,B,,,0.6,1.04,Lew Williams,0.04
189244,176291,SI,20200816,87.6,-1.22,6.25,217.0,474832,571666,,ball,11.0,L,R,SF,OAK,B,,,-1.75,2.43,Lew Williams,0.027
189245,176292,CU,20200816,71.9,-1.16,6.3,32.0,456781,571666,field_out,hit_into_play,2.0,R,R,SF,OAK,X,7.0,line_drive,-0.01,2.62,Lew Williams,-0.209
189246,176293,SL,20200816,85.4,-0.95,6.31,214.0,456781,571666,,called_strike,3.0,R,R,SF,OAK,S,,,0.49,2.95,Lew Williams,-0.042
189247,176294,FF,20200816,91.7,-1.58,6.12,201.0,543760,605446,field_out,hit_into_play,9.0,R,R,SF,OAK,X,8.0,line_drive,0.38,1.98,Lew Williams,-0.474
189248,176295,FF,20200816,92.1,-1.58,6.17,191.0,669221,605446,walk,ball,14.0,R,R,SF,OAK,B,,,0.66,1.22,Lew Williams,0.066
189249,176296,CU,20200816,78.2,-1.53,6.1,18.0,669221,605446,,blocked_ball,14.0,R,R,SF,OAK,B,,,0.2,0.75,Lew Williams,0.066
189250,176297,FF,20200816,91.5,-1.52,6.2,173.0,669221,605446,,ball,11.0,R,R,SF,OAK,B,,,-0.16,3.92,Lew Williams,0.03
189251,176298,FF,20200816,92.1,-1.52,6.13,199.0,669221,605446,,foul,6.0,R,R,SF,OAK,S,,,0.31,2.87,Lew Williams,-0.048
189252,176299,FF,20200816,90.7,-1.44,6.19,188.0,669221,605446,,ball,11.0,R,R,SF,OAK,B,,,-0.43,3.87,Lew Williams,0.04
189253,176300,CU,20200816,79.0,-1.33,6.15,17.0,572039,605446,double,hit_into_play,6.0,R,R,SF,OAK,X,8.0,line_drive,0.76,2.31,Lew Williams,1.69
189254,176301,CU,20200816,78.1,-1.5,6.12,26.0,572039,605446,,foul,9.0,R,R,SF,OAK,S,,,0.65,1.5,Lew Williams,-0.095
189255,176302,CU,20200816,78.6,-1.43,6.09,20.0,572039,605446,,blocked_ball,14.0,R,R,SF,OAK,B,,,1.79,0.97,Lew Williams,0.038
189256,176303,FC,20200816,85.7,-1.57,6.15,124.0,572039,605446,,foul,6.0,R,R,SF,OAK,S,,,0.81,2.24,Lew Williams,-0.086
189257,176304,FF,20200816,91.4,-1.58,6.19,197.0,501981,605446,single,hit_into_play,8.0,R,R,SF,OAK,X,9.0,line_drive,-0.19,1.73,Lew Williams,0.275
189258,176305,FC,20200816,87.1,-1.67,6.16,97.0,501981,605446,,ball,12.0,R,R,SF,OAK,B,,,1.26,3.16,Lew Williams,0.033
189259,176306,CU,20200816,77.3,-1.38,6.09,26.0,543257,605446,strikeout,swinging_strike,9.0,L,R,SF,OAK,S,2.0,,0.35,1.63,Lew Williams,-0.307
189260,176307,FF,20200816,91.4,-1.52,6.24,197.0,543257,605446,,called_strike,4.0,L,R,SF,OAK,S,,,-0.54,2.49,Lew Williams,-0.127
189261,176308,FF,20200816,91.7,-1.52,6.21,198.0,543257,605446,,called_strike,9.0,L,R,SF,OAK,S,,,0.3,1.98,Lew Williams,-0.053
189262,176309,FF,20200816,92.9,-1.65,6.18,192.0,543257,605446,,ball,12.0,L,R,SF,OAK,B,,,0.91,3.21,Lew Williams,0.09
189263,176310,FF,20200816,93.5,-1.52,6.22,191.0,543257,605446,,ball,12.0,L,R,SF,OAK,B,,,0.26,4.09,Lew Williams,0.073
189264,176311,FF,20200816,93.9,-1.59,6.12,199.0,543257,605446,,ball,14.0,L,R,SF,OAK,B,,,0.13,0.94,Lew Williams,0.031
189265,176312,CU,20200816,79.0,-1.44,6.14,18.0,592192,605446,field_out,hit_into_play,5.0,R,R,SF,OAK,X,7.0,line_drive,0.25,2.64,Lew Williams,-0.348
189266,176313,FC,20200816,86.5,-1.53,6.13,113.0,592192,605446,,ball,14.0,R,R,SF,OAK,B,,,1.42,2.24,Lew Williams,0.069
189267,176314,CU,20200816,78.6,-1.58,6.17,21.0,592192,605446,,ball,14.0,R,R,SF,OAK,B,,,1.73,1.7,Lew Williams,0.003
189268,176315,CU,20200816,78.7,-1.59,6.18,21.0,592192,605446,,called_strike,5.0,R,R,SF,OAK,S,,,-0.22,2.59,Lew Williams,-0.067
189269,176316,FF,20200816,91.9,-1.68,6.25,253.0,592192,605446,,foul,3.0,R,R,SF,OAK,S,,,0.28,3.23,Lew Williams,-0.049
189270,176317,FF,20200816,93.0,-1.41,6.15,245.0,621566,605446,single,hit_into_play,6.0,L,R,SF,OAK,X,7.0,line_drive,0.4,2.35,Lew Williams,0.467
189271,176318,FF,20200816,94.4,-1.6,6.26,203.0,621566,605446,,swinging_strike,12.0,L,R,SF,OAK,S,,,0.7,3.87,Lew Williams,-0.06
189272,176319,CU,20200816,76.7,-1.46,6.18,11.0,621566,605446,,called_strike,1.0,L,R,SF,OAK,S,,,-0.37,3.46,Lew Williams,-0.05
189273,176320,FF,20200816,91.2,-1.45,6.21,128.0,621566,605446,,ball,12.0,L,R,SF,OAK,B,,,0.98,3.97,Lew Williams,0.041
189274,176321,FF,20200816,88.8,-1.19,6.24,222.0,543105,571666,field_out,hit_into_play,2.0,L,R,SF,OAK,X,5.0,popup,0.0,2.98,Lew Williams,-0.28
189275,176322,SL,20200816,85.9,-1.35,6.26,195.0,543105,571666,,ball,11.0,L,R,SF,OAK,B,,,-0.13,4.52,Lew Williams,0.046
189276,176323,SL,20200816,85.4,-1.34,6.32,200.0,543105,571666,,foul,3.0,L,R,SF,OAK,S,,,0.73,3.0,Lew Williams,-0.052
189277,176324,FF,20200816,89.1,-1.13,6.26,201.0,543105,571666,,ball,11.0,L,R,SF,OAK,B,,,-0.63,3.69,Lew Williams,0.033
189278,176325,SI,20200816,89.1,-1.04,6.22,219.0,573262,571666,strikeout,called_strike,3.0,L,R,SF,OAK,S,2.0,,0.76,2.78,Lew Williams,-0.242
189279,176326,FF,20200816,88.1,-1.42,6.29,226.0,573262,571666,,called_strike,1.0,L,R,SF,OAK,S,,,-0.81,3.34,Lew Williams,-0.077
189280,176327,SL,20200816,85.7,-1.37,6.28,203.0,573262,571666,,ball,11.0,L,R,SF,OAK,B,,,-1.56,3.04,Lew Williams,0.057
189281,176328,SL,20200816,86.5,-1.21,6.31,197.0,573262,571666,,ball,12.0,L,R,SF,OAK,B,,,1.11,2.79,Lew Williams,0.013
189282,176329,CH,20200816,82.6,-1.5,6.12,227.0,573262,571666,,called_strike,8.0,L,R,SF,OAK,S,,,0.05,1.87,Lew Williams,-0.044
189283,176330,SI,20200816,88.2,-1.23,6.19,221.0,643289,571666,single,hit_into_play,5.0,R,R,SF,OAK,X,8.0,line_drive,0.17,2.45,Lew Williams,0.285
189284,176331,SL,20200816,85.1,-1.18,6.25,195.0,643289,571666,,foul,5.0,R,R,SF,OAK,S,,,-0.23,2.44,Lew Williams,-0.047
189285,176332,SL,20200816,84.1,-1.07,6.46,240.0,643289,571666,,ball,14.0,R,R,SF,OAK,B,,,1.37,0.46,Lew Williams,0.033
189286,176333,CU,20200816,70.4,-1.15,6.32,25.0,643289,571666,,ball,11.0,R,R,SF,OAK,B,,,-0.76,3.44,Lew Williams,0.02
189287,176334,FF,20200816,88.0,-0.93,6.3,214.0,643289,571666,,called_strike,2.0,R,R,SF,OAK,S,,,0.02,2.77,Lew Williams,-0.026
189288,176335,FF,20200816,87.5,-1.05,6.3,228.0,543063,571666,field_out,hit_into_play,2.0,L,R,SF,OAK,X,8.0,fly_ball,-0.08,2.98,Lew Williams,-0.241
189289,176336,FF,20200816,87.4,-1.37,6.2,218.0,543063,571666,,foul,5.0,L,R,SF,OAK,S,,,0.15,2.16,Lew Williams,-0.05
189290,176337,FF,20200816,86.0,-1.31,6.3,207.0,543063,571666,,ball,11.0,L,R,SF,OAK,B,,,-0.59,3.91,Lew Williams,0.041
189291,176338,FC,20200816,85.5,-1.72,6.14,158.0,656305,605446,field_out,hit_into_play,6.0,R,R,SF,OAK,X,7.0,fly_ball,0.38,2.52,Lew Williams,-0.286
189292,176339,FF,20200816,92.6,-1.62,6.2,126.0,656305,605446,,ball,14.0,R,R,SF,OAK,B,,,0.34,0.82,Lew Williams,0.033
189293,176340,FF,20200816,93.1,-1.32,6.23,186.0,640461,605446,single,hit_into_play,4.0,R,R,SF,OAK,X,7.0,ground_ball,-0.78,2.67,Lew Williams,0.122
189294,176341,FF,20200816,91.8,-1.33,6.15,187.0,640461,605446,,foul,5.0,R,R,SF,OAK,S,,,-0.08,2.38,Lew Williams,-0.028
189295,176342,FF,20200816,94.0,-1.63,6.09,191.0,640461,605446,,ball,14.0,R,R,SF,OAK,B,,,0.85,1.04,Lew Williams,0.027
189296,176343,FF,20200816,93.3,-1.37,6.23,196.0,640461,605446,,ball,13.0,R,R,SF,OAK,B,,,-0.14,1.02,Lew Williams,0.018
189297,176344,CU,20200816,76.6,-1.38,6.17,19.0,543760,605446,home_run,hit_into_play,5.0,R,R,SF,OAK,X,,fly_ball,-0.06,2.63,Lew Williams,1.83
189298,176345,CU,20200816,77.7,-1.47,6.2,27.0,543760,605446,,called_strike,2.0,R,R,SF,OAK,S,,,0.02,3.33,Lew Williams,-0.051
189299,176346,FF,20200816,94.4,-1.57,6.16,171.0,669221,605446,double,hit_into_play,5.0,R,R,SF,OAK,X,8.0,line_drive,-0.04,2.86,Lew Williams,0.224
189300,176347,CU,20200816,77.7,-1.37,6.2,16.0,669221,605446,,ball,14.0,R,R,SF,OAK,B,,,0.02,0.53,Lew Williams,0.013
189301,176348,FC,20200816,85.7,-1.55,6.21,131.0,669221,605446,,called_strike,4.0,R,R,SF,OAK,S,,,-0.44,2.68,Lew Williams,-0.017
189302,176349,FF,20200816,92.6,-1.47,6.29,200.0,572039,605446,home_run,hit_into_play,5.0,R,R,SF,OAK,X,,line_drive,-0.1,2.4,Lew Williams,2.68
189303,176350,CU,20200816,77.7,-1.53,6.21,23.0,572039,605446,,foul,4.0,R,R,SF,OAK,S,,,-0.79,2.32,Lew Williams,0.0
189304,176351,CU,20200816,78.6,-1.37,6.18,20.0,572039,605446,,foul,14.0,R,R,SF,OAK,S,,,0.9,1.65,Lew Williams,0.0
189305,176352,FF,20200816,92.8,-1.57,6.3,191.0,572039,605446,,foul,1.0,R,R,SF,OAK,S,,,-0.72,3.24,Lew Williams,-0.136
189306,176353,FF,20200816,92.4,-1.38,6.24,186.0,572039,605446,,foul,8.0,R,R,SF,OAK,S,,,0.18,1.53,Lew Williams,-0.082
189307,176354,CU,20200816,76.9,-1.55,6.17,25.0,572039,605446,,ball,11.0,R,R,SF,OAK,B,,,-0.78,3.57,Lew Williams,0.074
189308,176355,CU,20200816,77.0,-1.53,6.24,20.0,501981,605446,field_out,hit_into_play,2.0,R,R,SF,OAK,X,3.0,popup,-0.07,3.06,Lew Williams,-0.346
189309,176356,FF,20200816,94.1,0.42,6.17,142.0,543257,593974,walk,ball,14.0,R,L,SF,OAK,B,,,1.11,2.07,Lew Williams,0.318
189310,176357,CH,20200816,88.3,0.92,5.83,129.0,543257,593974,,foul,9.0,R,L,SF,OAK,S,,,0.33,1.63,Lew Williams,-0.187
189311,176358,SL,20200816,88.1,0.72,5.96,118.0,543257,593974,,ball,13.0,R,L,SF,OAK,B,,,-1.07,1.01,Lew Williams,0.117
189312,176359,CH,20200816,86.8,0.91,5.75,133.0,543257,593974,,ball,14.0,R,L,SF,OAK,B,,,0.64,1.23,Lew Williams,0.109
189313,176360,SL,20200816,88.0,0.9,5.92,168.0,543257,593974,,foul_tip,7.0,R,L,SF,OAK,S,,,-0.83,1.4,Lew Williams,-0.107
189314,176361,SL,20200816,89.0,0.92,5.95,178.0,543257,593974,,ball,13.0,R,L,SF,OAK,B,,,-1.5,1.11,Lew Williams,0.033
189315,176362,FF,20200816,94.2,0.84,6.2,135.0,592192,593974,triple,hit_into_play,5.0,R,L,SF,OAK,X,9.0,line_drive,-0.13,2.37,Lew Williams,1.993
189316,176363,FF,20200816,95.1,0.71,6.13,136.0,592192,593974,,swinging_strike,11.0,R,L,SF,OAK,S,,,-0.94,2.47,Lew Williams,-0.088
189317,176364,CH,20200816,87.6,1.01,5.75,130.0,592192,593974,,blocked_ball,14.0,R,L,SF,OAK,B,,,0.31,0.5,Lew Williams,0.106
189318,176365,FF,20200816,95.1,0.97,6.08,138.0,592192,593974,,ball,14.0,R,L,SF,OAK,B,,,0.68,0.98,Lew Williams,0.056
189319,176366,SL,20200816,86.5,1.09,5.92,182.0,621566,593974,single,hit_into_play,2.0,L,L,SF,OAK,X,5.0,ground_ball,-0.24,2.96,Lew Williams,0.013
189320,176367,SL,20200816,87.4,1.19,5.88,153.0,621566,593974,,blocked_ball,13.0,L,L,SF,OAK,B,,,-1.87,0.71,Lew Williams,0.073
189321,176368,FF,20200816,95.3,0.81,6.19,132.0,621566,593974,,ball,11.0,L,L,SF,OAK,B,,,-0.58,4.53,Lew Williams,0.031
189322,176369,CH,20200816,87.5,0.93,5.72,130.0,656305,593974,single,hit_into_play,6.0,R,L,SF,OAK,X,7.0,line_drive,0.49,2.72,Lew Williams,0.285
189323,176370,CH,20200816,86.8,1.16,5.65,126.0,656305,593974,,ball,13.0,R,L,SF,OAK,B,,,-0.32,1.01,Lew Williams,0.03
189324,176371,CH,20200816,88.3,0.93,5.81,139.0,656305,593974,,swinging_strike,14.0,R,L,SF,OAK,S,,,0.95,1.92,Lew Williams,-0.044
189325,176372,SL,20200816,87.9,0.94,6.02,171.0,656305,593974,,called_strike,2.0,R,L,SF,OAK,S,,,-0.09,3.16,Lew Williams,-0.033
189326,176373,FF,20200816,95.8,0.73,6.3,141.0,656305,593974,,ball,12.0,R,L,SF,OAK,B,,,0.91,3.76,Lew Williams,0.027
189327,176374,FF,20200816,94.7,1.19,6.14,133.0,640461,593974,home_run,hit_into_play,5.0,R,L,SF,OAK,X,,line_drive,0.25,2.55,Lew Williams,1.729
189328,176375,FF,20200816,94.0,-1.77,5.52,228.0,543760,657277,field_out,hit_into_play,3.0,R,R,SF,OAK,X,9.0,line_drive,0.81,2.84,Lew Williams,-0.28
189329,176376,CH,20200816,84.8,-2.17,5.32,266.0,543760,657277,,swinging_strike,7.0,R,R,SF,OAK,S,,,-0.47,2.08,Lew Williams,-0.08
189330,176377,CH,20200816,84.8,-2.08,5.34,267.0,543760,657277,,ball,14.0,R,R,SF,OAK,B,,,0.78,1.32,Lew Williams,0.017
189331,176378,SL,20200816,80.2,-2.18,5.33,54.0,543760,657277,,called_strike,6.0,R,R,SF,OAK,S,,,0.48,2.4,Lew Williams,-0.049
189332,176379,FF,20200816,94.8,-1.82,5.37,232.0,669221,657277,walk,ball,12.0,R,R,SF,OAK,B,,,1.88,2.99,Lew Williams,0.332
189333,176380,FF,20200816,92.1,-1.98,5.45,224.0,669221,657277,,foul,2.0,R,R,SF,OAK,S,,,0.26,3.02,Lew Williams,-0.094
189334,176381,FF,20200816,93.6,-1.86,5.43,233.0,669221,657277,,ball,14.0,R,R,SF,OAK,B,,,1.17,1.98,Lew Williams,0.122
189335,176382,FF,20200816,93.5,-1.87,5.47,230.0,669221,657277,,called_strike,6.0,R,R,SF,OAK,S,,,0.61,2.75,Lew Williams,-0.059
189336,176383,CH,20200816,82.7,-2.1,5.33,259.0,669221,657277,,ball,14.0,R,R,SF,OAK,B,,,1.33,1.23,Lew Williams,0.06
189337,176384,SI,20200816,90.9,-1.98,5.47,238.0,669221,657277,,ball,1.0,R,R,SF,OAK,B,,,-0.73,3.23,Lew Williams,0.041
189338,176385,CH,20200816,84.3,-1.43,6.25,232.0,623168,571666,field_out,hit_into_play,13.0,L,R,SF,OAK,X,4.0,ground_ball,-1.12,2.22,Lew Williams,-0.232
189339,176386,FF,20200816,88.8,-1.12,6.31,213.0,623168,571666,,called_strike,8.0,L,R,SF,OAK,S,,,-0.05,1.63,Lew Williams,-0.052
189340,176387,SL,20200816,84.2,-1.19,6.36,203.0,623168,571666,,ball,8.0,L,R,SF,OAK,B,,,0.18,1.58,Lew Williams,0.033
189341,176388,FF,20200816,87.2,-1.09,6.25,210.0,527038,571666,field_out,hit_into_play,5.0,R,R,SF,OAK,X,7.0,fly_ball,0.26,2.42,Lew Williams,-0.314
189342,176389,SI,20200816,89.4,-1.11,6.26,212.0,527038,571666,,foul,5.0,R,R,SF,OAK,S,,,-0.04,2.36,Lew Williams,0.0
189343,176390,SL,20200816,84.3,-1.18,6.4,194.0,527038,571666,,ball,11.0,R,R,SF,OAK,B,,,-0.38,4.15,Lew Williams,0.065
189344,176391,FF,20200816,87.0,-1.06,6.33,217.0,527038,571666,,foul,12.0,R,R,SF,OAK,S,,,0.02,3.9,Lew Williams,0.0
189345,176392,CH,20200816,83.1,-1.31,6.24,234.0,527038,571666,,called_strike,1.0,R,R,SF,OAK,S,,,-0.75,2.98,Lew Williams,-0.077
189346,176393,FF,20200816,88.0,-1.13,6.26,216.0,527038,571666,,ball,11.0,R,R,SF,OAK,B,,,-0.63,3.44,Lew Williams,0.057
189347,176394,FF,20200816,87.3,-1.04,6.33,212.0,527038,571666,,foul,1.0,R,R,SF,OAK,S,,,-0.32,2.82,Lew Williams,-0.062
189348,176395,FF,20200816,87.5,-1.08,6.32,217.0,527038,571666,,ball,13.0,R,R,SF,OAK,B,,,-0.85,2.15,Lew Williams,0.031
189349,176396,SI,20200816,89.0,-1.14,6.31,216.0,446334,571666,force_out,hit_into_play,5.0,R,R,SF,OAK,X,6.0,ground_ball,-0.04,2.54,Lew Williams,-0.499
189350,176397,CH,20200816,82.3,-1.36,6.26,234.0,474832,571666,single,hit_into_play,1.0,L,R,SF,OAK,X,8.0,line_drive,-0.28,2.7,Lew Williams,0.357
189351,176398,SL,20200816,83.5,-1.21,6.41,171.0,474832,571666,,ball,14.0,L,R,SF,OAK,B,,,1.08,2.33,Lew Williams,0.041
189352,176399,CH,20200816,83.2,-2.24,5.36,255.0,572039,657277,grounded_into_double_play,hit_into_play,8.0,R,R,SF,OAK,X,5.0,ground_ball,-0.18,1.95,Lew Williams,-0.257
189353,176400,SL,20200816,80.6,-2.07,5.43,49.0,572039,657277,,foul,14.0,R,R,SF,OAK,S,,,1.09,1.89,Lew Williams,-0.059
189354,176401,SI,20200816,91.6,-2.07,5.43,233.0,572039,657277,,foul,5.0,R,R,SF,OAK,S,,,-0.03,2.38,Lew Williams,-0.044
189355,176402,FF,20200816,92.8,-1.9,5.4,231.0,501981,657277,walk,ball,11.0,R,R,SF,OAK,B,,,-0.3,4.06,Lew Williams,0.226
189356,176403,SI,20200816,91.9,-1.97,5.42,235.0,501981,657277,,ball,14.0,R,R,SF,OAK,B,,,1.67,2.47,Lew Williams,0.06
189357,176404,CH,20200816,83.9,-2.02,5.4,267.0,501981,657277,,ball,14.0,R,R,SF,OAK,B,,,1.25,1.44,Lew Williams,0.03
189358,176405,FF,20200816,93.0,-1.83,5.55,222.0,501981,657277,,ball,11.0,R,R,SF,OAK,B,,,-0.7,5.05,Lew Williams,0.015
189359,176406,SI,20200816,92.1,-1.94,5.43,234.0,501981,657277,,foul,2.0,R,R,SF,OAK,S,,,-0.1,2.89,Lew Williams,-0.039
189360,176407,CH,20200816,83.2,-2.08,5.42,260.0,501981,657277,,swinging_strike,5.0,R,R,SF,OAK,S,,,0.09,2.6,Lew Williams,-0.026
189361,176408,FF,20200816,92.7,-1.97,5.47,227.0,543257,657277,field_out,hit_into_play,5.0,L,R,SF,OAK,X,9.0,line_drive,0.15,2.29,Lew Williams,-0.291
189362,176409,SL,20200816,79.5,-2.15,5.42,62.0,543257,657277,,ball,11.0,L,R,SF,OAK,B,,,-0.9,2.91,Lew Williams,0.051
189363,176410,CH,20200816,82.9,-2.19,5.45,265.0,543257,657277,,called_strike,13.0,L,R,SF,OAK,S,,,-1.06,1.91,Lew Williams,-0.05
189364,176411,FF,20200816,89.6,-2.05,5.56,220.0,543257,657277,,ball,13.0,L,R,SF,OAK,B,,,-0.11,0.9,Lew Williams,0.041
189365,176412,FF,20200816,87.4,-1.12,6.25,213.0,456781,571666,field_out,hit_into_play,3.0,R,R,SF,OAK,X,8.0,line_drive,0.38,2.84,Lew Williams,-0.212
189366,176413,FF,20200816,85.9,-1.27,6.31,212.0,456781,571666,,foul,11.0,R,R,SF,OAK,S,,,-0.4,3.23,Lew Williams,-0.041
189367,176414,CU,20200816,73.0,-1.24,6.28,30.0,543105,571666,field_out,hit_into_play,9.0,L,R,SF,OAK,X,3.0,line_drive,0.43,2.0,Lew Williams,-0.212
189368,176415,FF,20200816,87.9,-1.11,6.31,216.0,543105,571666,,foul,2.0,L,R,SF,OAK,S,,,-0.21,2.94,Lew Williams,0.0
189369,176416,FF,20200816,87.8,-1.1,6.39,211.0,543105,571666,,foul,1.0,L,R,SF,OAK,S,,,-0.74,3.56,Lew Williams,-0.056
189370,176417,FF,20200816,85.5,-1.3,6.31,214.0,543105,571666,,ball,11.0,L,R,SF,OAK,B,,,-1.17,4.33,Lew Williams,0.013
189371,176418,FF,20200816,86.8,-1.26,6.31,211.0,543105,571666,,foul,5.0,L,R,SF,OAK,S,,,-0.27,2.6,Lew Williams,-0.044
189372,176419,CH,20200816,83.6,-1.53,6.13,231.0,573262,571666,single,hit_into_play,8.0,L,R,SF,OAK,X,7.0,ground_ball,0.22,1.62,Lew Williams,0.566
189373,176420,SL,20200816,85.7,-1.29,6.32,196.0,573262,571666,,ball,11.0,L,R,SF,OAK,B,,,-0.5,3.63,Lew Williams,0.091
189374,176421,FF,20200816,87.1,-1.07,6.35,220.0,573262,571666,,ball,12.0,L,R,SF,OAK,B,,,1.06,3.33,Lew Williams,0.067
189375,176422,SL,20200816,83.1,-1.18,6.36,194.0,573262,571666,,called_strike,2.0,L,R,SF,OAK,S,,,-0.22,2.95,Lew Williams,-0.056
189376,176423,CH,20200816,82.7,-1.36,6.16,222.0,573262,571666,,ball,14.0,L,R,SF,OAK,B,,,0.42,1.41,Lew Williams,0.019
189377,176424,SL,20200816,83.6,-1.09,6.45,194.0,643289,571666,field_out,hit_into_play,6.0,R,R,SF,OAK,X,7.0,fly_ball,0.51,2.74,Lew Williams,-0.186
189378,176425,FF,20200816,85.7,-0.98,6.41,207.0,643289,571666,,foul_bunt,11.0,R,R,SF,OAK,S,,,-1.03,3.22,Lew Williams,-0.101
189379,176426,SI,20200816,86.3,-1.14,6.31,207.0,643289,571666,,foul,7.0,R,R,SF,OAK,S,,,-0.44,2.06,Lew Williams,-0.067
189380,176427,CH,20200816,81.2,-1.41,6.12,246.0,543063,571666,double,hit_into_play,4.0,L,R,SF,OAK,X,8.0,line_drive,-0.59,2.63,Lew Williams,0.729
189381,176428,CH,20200816,81.4,-1.3,6.29,221.0,543063,571666,,foul,9.0,L,R,SF,OAK,S,,,0.49,1.51,Lew Williams,-0.056
189382,176429,SL,20200816,82.1,-1.2,6.33,219.0,543063,571666,,foul,6.0,L,R,SF,OAK,S,,,0.28,2.48,Lew Williams,-0.042
189383,176430,FF,20200816,92.9,-1.87,5.5,224.0,592192,657277,strikeout,foul_tip,2.0,R,R,SF,OAK,S,2.0,,0.26,2.97,Lew Williams,-0.369
189384,176431,SL,20200816,80.8,-2.28,5.41,66.0,592192,657277,,foul,2.0,R,R,SF,OAK,S,,,0.24,3.06,Lew Williams,0.0
189385,176432,CH,20200816,84.0,-2.12,5.39,264.0,592192,657277,,foul,9.0,R,R,SF,OAK,S,,,0.65,1.77,Lew Williams,0.0
189386,176433,CH,20200816,83.3,-2.12,5.39,261.0,592192,657277,,foul,8.0,R,R,SF,OAK,S,,,0.02,2.0,Lew Williams,0.0
189387,176434,SL,20200816,81.9,-2.05,5.33,53.0,592192,657277,,blocked_ball,14.0,R,R,SF,OAK,B,,,1.21,0.71,Lew Williams,0.07
189388,176435,FF,20200816,93.0,-1.88,5.45,229.0,592192,657277,,ball,12.0,R,R,SF,OAK,B,,,1.66,2.94,Lew Williams,0.037
189389,176436,CH,20200816,83.7,-2.21,5.37,265.0,592192,657277,,ball,14.0,R,R,SF,OAK,B,,,1.47,1.63,Lew Williams,0.066
189390,176437,CH,20200816,84.2,-2.09,5.48,254.0,592192,657277,,called_strike,2.0,R,R,SF,OAK,S,,,-0.08,2.87,Lew Williams,-0.095
189391,176438,SL,20200816,80.9,-2.18,5.44,52.0,592192,657277,,called_strike,3.0,R,R,SF,OAK,S,,,0.45,2.93,Lew Williams,-0.053
189392,176439,CH,20200816,84.7,-2.28,5.4,256.0,621566,657277,strikeout,swinging_strike,8.0,L,R,SF,OAK,S,2.0,,-0.12,1.68,Lew Williams,-0.424
189393,176440,FF,20200816,91.3,-1.98,5.53,234.0,621566,657277,,swinging_strike,6.0,L,R,SF,OAK,S,,,0.82,2.59,Lew Williams,-0.222
189394,176441,FC,20200816,90.9,-2.03,5.51,222.0,621566,657277,,ball,12.0,L,R,SF,OAK,B,,,1.96,3.36,Lew Williams,0.109
189395,176442,FF,20200816,92.4,-1.93,5.53,228.0,621566,657277,,ball,11.0,L,R,SF,OAK,B,,,-0.21,4.42,Lew Williams,0.01
189396,176443,CH,20200816,84.6,-2.12,5.44,264.0,621566,657277,,called_strike,8.0,L,R,SF,OAK,S,,,-0.24,2.02,Lew Williams,-0.083
189397,176444,SI,20200816,92.0,-2.25,5.52,237.0,656305,657277,double,hit_into_play,8.0,R,R,SF,OAK,X,8.0,line_drive,-0.12,2.09,Lew Williams,1.015
189398,176445,FF,20200816,91.9,-1.96,5.64,229.0,656305,657277,,foul,8.0,R,R,SF,OAK,S,,,-0.2,2.01,Lew Williams,-0.059
189399,176446,SL,20200816,80.9,-2.07,5.52,41.0,656305,657277,,called_strike,14.0,R,R,SF,OAK,S,,,1.09,2.36,Lew Williams,-0.044
189400,176447,FC,20200816,89.3,-2.21,5.38,220.0,643393,657277,single,hit_into_play,5.0,L,R,SF,OAK,X,8.0,line_drive,-0.02,2.2,Lew Williams,0.285
189401,176448,FF,20200816,91.2,-1.91,5.6,237.0,643393,657277,,foul,2.0,L,R,SF,OAK,S,,,-0.09,2.97,Lew Williams,-0.047
189402,176449,FC,20200816,90.1,-1.9,5.56,238.0,643393,657277,,ball,12.0,L,R,SF,OAK,B,,,1.36,2.61,Lew Williams,0.033
189403,176450,FF,20200816,90.8,-2.02,5.55,232.0,643393,657277,,called_strike,11.0,L,R,SF,OAK,S,,,-1.0,2.69,Lew Williams,-0.033
189404,176451,FF,20200816,91.9,-2.09,5.6,224.0,643393,657277,,ball,11.0,L,R,SF,OAK,B,,,-1.0,2.71,Lew Williams,0.027
189405,176452,FF,20200816,91.5,-1.93,5.64,228.0,543760,657277,field_out,hit_into_play,2.0,R,R,SF,OAK,X,8.0,fly_ball,0.25,3.03,Lew Williams,-0.25
189406,176453,FF,20200816,88.4,-1.09,6.41,217.0,623168,571666,strikeout,swinging_strike,11.0,L,R,SF,OAK,S,2.0,,-0.31,3.85,Lew Williams,-0.096
189407,176454,CH,20200816,82.7,-1.43,6.15,234.0,623168,571666,,foul,14.0,L,R,SF,OAK,S,,,0.35,1.06,Lew Williams,0.0
189408,176455,CH,20200816,82.3,-1.47,6.23,227.0,623168,571666,,swinging_strike,13.0,L,R,SF,OAK,S,,,-0.33,1.22,Lew Williams,-0.032
189409,176456,FF,20200816,87.1,-1.21,6.35,212.0,623168,571666,,called_strike,4.0,L,R,SF,OAK,S,,,-0.67,2.34,Lew Williams,-0.028
189410,176457,FF,20200816,87.8,-1.24,6.37,222.0,623168,571666,,ball,11.0,L,R,SF,OAK,B,,,-1.25,2.96,Lew Williams,0.027
189411,176458,CU,20200816,72.2,-1.39,6.29,34.0,623168,571666,,ball,14.0,L,R,SF,OAK,B,,,0.48,0.77,Lew Williams,0.018
189412,176459,FF,20200816,88.0,-1.06,6.33,217.0,527038,571666,field_out,hit_into_play,11.0,R,R,SF,OAK,X,7.0,fly_ball,-0.45,3.48,Lew Williams,-0.266
189413,176460,CH,20200816,82.3,-1.35,6.19,230.0,527038,571666,,ball,9.0,R,R,SF,OAK,B,,,0.3,1.76,Lew Williams,0.213
189414,176461,SL,20200816,83.6,-1.1,6.39,182.0,527038,571666,,ball,12.0,R,R,SF,OAK,B,,,0.78,3.45,Lew Williams,0.083
189415,176462,SL,20200816,84.0,-1.17,6.47,217.0,527038,571666,,called_strike,14.0,R,R,SF,OAK,S,,,1.04,2.36,Lew Williams,-0.071
189416,176463,FF,20200816,86.9,-1.11,6.44,213.0,527038,571666,,ball,11.0,R,R,SF,OAK,B,,,-1.13,2.77,Lew Williams,0.039
189417,176464,FF,20200816,88.0,-1.07,6.36,215.0,446334,571666,walk,ball,14.0,R,R,SF,OAK,B,,,0.93,1.23,Lew Williams,0.332
189418,176465,SL,20200816,87.4,-1.05,6.46,210.0,446334,571666,,foul,5.0,R,R,SF,OAK,S,,,0.03,2.55,Lew Williams,0.0
189419,176466,SL,20200816,83.7,-1.08,6.47,192.0,446334,571666,,ball,14.0,R,R,SF,OAK,B,,,1.49,0.26,Lew Williams,0.103
189420,176467,CU,20200816,72.4,-1.13,6.4,31.0,446334,571666,,ball,14.0,R,R,SF,OAK,B,,,1.55,0.24,Lew Williams,0.035
189421,176468,FF,20200816,86.9,-1.04,6.42,213.0,446334,571666,,foul,2.0,R,R,SF,OAK,S,,,0.2,3.24,Lew Williams,-0.06
189422,176469,SL,20200816,82.0,-1.25,6.44,182.0,446334,571666,,ball,14.0,R,R,SF,OAK,B,,,1.19,1.83,Lew Williams,0.032
189423,176470,SL,20200816,82.8,-1.21,6.44,187.0,446334,571666,,called_strike,14.0,R,R,SF,OAK,S,,,0.93,2.39,Lew Williams,-0.042
189424,176471,CH,20200816,83.6,-1.24,6.42,215.0,474832,571666,home_run,hit_into_play,5.0,L,R,SF,OAK,X,,line_drive,0.17,2.06,Lew Williams,1.0
189425,176472,CH,20200816,82.0,-2.25,5.58,264.0,669221,657277,strikeout,foul_tip,14.0,R,R,SF,OAK,S,2.0,,0.54,1.16,Lew Williams,-0.363
189426,176473,FF,20200816,92.9,-1.98,5.63,227.0,669221,657277,,foul,1.0,R,R,SF,OAK,S,,,-0.52,3.01,Lew Williams,-0.115
189427,176474,CH,20200816,85.2,-2.23,5.56,260.0,669221,657277,,called_strike,5.0,R,R,SF,OAK,S,,,-0.27,2.55,Lew Williams,-0.071
189428,176475,FF,20200816,92.9,-1.98,5.68,230.0,572039,657277,walk,ball,14.0,R,R,SF,OAK,B,,,1.05,2.41,Lew Williams,0.112
189429,176476,FF,20200816,92.7,-1.9,5.53,233.0,572039,657277,,ball,12.0,R,R,SF,OAK,B,,,1.06,2.74,Lew Williams,0.053
189430,176477,CH,20200816,84.7,-2.11,5.48,263.0,572039,657277,,ball,11.0,R,R,SF,OAK,B,,,-0.27,3.47,Lew Williams,0.061
189431,176478,SI,20200816,91.7,-2.06,5.51,228.0,572039,657277,,ball,11.0,R,R,SF,OAK,B,,,-1.25,4.06,Lew Williams,0.01
189432,176479,SL,20200816,80.6,-2.26,5.4,44.0,501981,657277,grounded_into_double_play,hit_into_play,8.0,R,R,SF,OAK,X,6.0,ground_ball,0.22,1.75,Lew Williams,-0.453
189433,176480,SL,20200816,81.7,-2.11,5.34,36.0,501981,657277,,swinging_strike_blocked,14.0,R,R,SF,OAK,S,,,1.57,0.37,Lew Williams,-0.113
189434,176481,FF,20200816,92.9,-1.92,5.52,227.0,543257,657277,walk,ball,14.0,L,R,SF,OAK,B,,,0.98,1.02,Lew Williams,0.25
189435,176482,FF,20200816,93.0,-2.02,5.59,228.0,543257,657277,,ball,14.0,L,R,SF,OAK,B,,,0.72,1.49,Lew Williams,0.317
189436,176483,FF,20200816,92.9,-2.04,5.48,236.0,543257,657277,,ball,14.0,L,R,SF,OAK,B,,,1.04,1.71,Lew Williams,0.226
189437,176484,FC,20200816,92.0,-1.99,5.51,217.0,543257,657277,,ball,12.0,L,R,SF,OAK,B,,,1.19,2.46,Lew Williams,0.092
189438,176485,FF,20200816,94.1,-1.77,5.51,231.0,592192,657277,walk,ball,14.0,R,R,SF,OAK,B,,,1.94,1.35,Lew Williams,0.489
189439,176486,FF,20200816,93.9,-1.91,5.47,234.0,592192,657277,,foul,9.0,R,R,SF,OAK,S,,,0.4,1.93,Lew Williams,0.0
189440,176487,CH,20200816,86.3,-2.18,5.47,255.0,592192,657277,,foul,5.0,R,R,SF,OAK,S,,,-0.15,2.42,Lew Williams,0.0
189441,176488,CH,20200816,84.3,-2.01,5.38,264.0,592192,657277,,ball,14.0,R,R,SF,OAK,B,,,1.29,0.85,Lew Williams,0.16
189442,176489,SI,20200816,92.7,-2.12,5.52,237.0,592192,657277,,foul,7.0,R,R,SF,OAK,S,,,-0.62,1.92,Lew Williams,0.0
189443,176490,CH,20200816,84.9,-2.14,5.43,257.0,592192,657277,,called_strike,7.0,R,R,SF,OAK,S,,,-0.54,1.98,Lew Williams,-0.095
189444,176491,SL,20200816,81.1,-2.18,5.38,54.0,592192,657277,,blocked_ball,14.0,R,R,SF,OAK,B,,,1.73,0.65,Lew Williams,0.083
189445,176492,SL,20200816,81.1,-2.1,5.34,59.0,592192,657277,,blocked_ball,14.0,R,R,SF,OAK,B,,,0.59,0.88,Lew Williams,0.017
189446,176493,FF,20200816,93.7,-1.96,5.46,229.0,592192,657277,,called_strike,6.0,R,R,SF,OAK,S,,,0.56,2.44,Lew Williams,-0.049
189447,176494,FF,20200816,95.1,-1.94,5.44,230.0,621566,657277,single,hit_into_play,14.0,L,R,SF,OAK,X,8.0,line_drive,1.09,2.33,Lew Williams,0.432
189448,176495,CH,20200816,85.5,-2.21,5.34,265.0,621566,657277,,ball,14.0,L,R,SF,OAK,B,,,1.24,0.73,Lew Williams,0.035
189449,176496,CH,20200816,84.8,-2.24,5.29,256.0,621566,657277,,ball,14.0,L,R,SF,OAK,B,,,0.22,0.69,Lew Williams,0.027
189450,176497,CH,20200816,85.6,-2.25,5.36,268.0,621566,657277,,foul,9.0,L,R,SF,OAK,S,,,0.29,1.94,Lew Williams,0.0
189451,176498,SL,20200816,81.6,-2.06,5.41,48.0,621566,657277,,called_strike,9.0,L,R,SF,OAK,S,,,0.43,1.98,Lew Williams,-0.056
189452,176499,FF,20200816,92.7,-1.95,5.51,227.0,621566,657277,,called_strike,2.0,L,R,SF,OAK,S,,,-0.19,2.95,Lew Williams,-0.042
189453,176500,SL,20200816,84.4,-1.07,6.43,196.0,456781,571666,strikeout,swinging_strike,14.0,R,R,SF,OAK,S,2.0,,1.12,2.18,Lew Williams,-0.078
189454,176501,FF,20200816,87.8,-1.38,6.3,219.0,456781,571666,,ball,12.0,R,R,SF,OAK,B,,,0.89,4.39,Lew Williams,0.011
189455,176502,FF,20200816,88.5,-1.14,6.47,213.0,456781,571666,,foul,3.0,R,R,SF,OAK,S,,,0.32,2.91,Lew Williams,-0.027
189456,176503,FF,20200816,87.4,-1.13,6.4,220.0,456781,571666,,called_strike,9.0,R,R,SF,OAK,S,,,0.72,1.89,Lew Williams,-0.017
189457,176504,FF,20200816,87.8,-1.19,6.44,212.0,543105,571666,strikeout,foul_tip,11.0,L,R,SF,OAK,S,2.0,,-0.02,3.63,Lew Williams,-0.148
189458,176505,CU,20200816,72.5,-1.25,6.45,26.0,543105,571666,,ball,14.0,L,R,SF,OAK,B,,,1.24,0.37,Lew Williams,0.03
189459,176506,CU,20200816,70.2,-1.23,6.41,33.0,543105,571666,,foul,9.0,L,R,SF,OAK,S,,,0.38,1.57,Lew Williams,-0.044
189460,176507,FF,20200816,86.2,-1.29,6.36,214.0,543105,571666,,called_strike,7.0,L,R,SF,OAK,S,,,-0.59,1.68,Lew Williams,-0.033
189461,176508,SL,20200816,81.4,-1.27,6.46,181.0,543105,571666,,ball,12.0,L,R,SF,OAK,B,,,1.04,2.95,Lew Williams,0.027
189462,176509,SL,20200816,83.8,-1.35,6.44,200.0,573262,571666,field_out,hit_into_play,5.0,L,R,SF,OAK,X,2.0,popup,-0.17,2.75,Lew Williams,-0.209
189463,176510,FF,20200816,85.1,-1.36,6.43,214.0,573262,571666,,foul,4.0,L,R,SF,OAK,S,,,-0.65,2.28,Lew Williams,-0.042
189464,176511,CH,20200816,86.1,-2.26,5.38,264.0,656305,657277,strikeout,swinging_strike,8.0,R,R,SF,OAK,S,2.0,,-0.21,1.66,Lew Williams,-0.135
189465,176512,SI,20200816,92.5,-2.07,5.43,234.0,656305,657277,,called_strike,2.0,R,R,SF,OAK,S,,,0.08,3.28,Lew Williams,-0.041
189466,176513,FF,20200816,92.9,-1.98,5.49,233.0,656305,657277,,called_strike,9.0,R,R,SF,OAK,S,,,0.64,2.19,Lew Williams,-0.023
189467,176514,SI,20200816,92.3,-2.06,5.43,230.0,656305,657277,,ball,1.0,R,R,SF,OAK,B,,,-0.41,3.57,Lew Williams,0.042
189468,176515,SL,20200816,81.4,-2.04,5.36,47.0,656305,657277,,ball,14.0,R,R,SF,OAK,B,,,1.84,1.19,Lew Williams,0.027
189469,176516,FF,20200816,93.6,-1.91,5.54,229.0,656305,657277,,ball,11.0,R,R,SF,OAK,B,,,-0.19,3.93,Lew Williams,0.018
189470,176517,CH,20200816,85.7,-2.2,5.43,250.0,643393,657277,field_out,hit_into_play,5.0,L,R,SF,OAK,X,8.0,fly_ball,-0.13,2.08,Lew Williams,-0.195
189471,176518,CH,20200816,85.6,-2.16,5.37,257.0,643393,657277,,ball,14.0,L,R,SF,OAK,B,,,1.11,1.01,Lew Williams,0.033
189472,176519,FF,20200816,93.9,-1.93,5.54,230.0,643393,657277,,ball,11.0,L,R,SF,OAK,B,,,-0.25,3.44,Lew Williams,0.02
189473,176520,FF,20200816,92.1,-2.07,5.41,220.0,643393,657277,,foul,6.0,L,R,SF,OAK,S,,,0.7,2.17,Lew Williams,-0.026
189474,176521,SL,20200816,81.4,-2.1,5.45,49.0,543760,657277,strikeout,called_strike,9.0,R,R,SF,OAK,S,2.0,,0.79,1.6,Lew Williams,-0.18
189475,176522,SL,20200816,82.3,-2.06,5.45,54.0,543760,657277,,ball,14.0,R,R,SF,OAK,B,,,1.45,1.73,Lew Williams,0.027
189476,176523,SI,20200816,93.1,-2.09,5.45,237.0,543760,657277,,called_strike,9.0,R,R,SF,OAK,S,,,0.69,1.54,Lew Williams,-0.056
189477,176524,FF,20200816,93.7,-1.85,5.59,231.0,543760,657277,,called_strike,6.0,R,R,SF,OAK,S,,,0.3,2.39,Lew Williams,-0.042
567808,549496,SL,20210513,85.5,-0.73,5.76,89.0,641796,542914,field_out,hit_into_play,9.0,R,R,ARI,MIA,X,8.0,fly_ball,0.43,1.81,Lew Williams,-0.119
567809,549497,FF,20210513,95.4,-0.63,5.82,209.0,641796,542914,,called_strike,6.0,R,R,ARI,MIA,S,,,0.4,2.16,Lew Williams,-0.024
567810,549498,FF,20210513,97.0,-0.67,5.93,205.0,641796,542914,,ball,12.0,R,R,ARI,MIA,B,,,0.1,4.22,Lew Williams,0.024
567811,549499,SI,20210513,96.4,-0.5,5.95,200.0,641796,542914,,ball,14.0,R,R,ARI,MIA,B,,,1.3,2.07,Lew Williams,0.016
567812,549500,SI,20210513,95.8,-0.65,5.8,313.0,605113,542914,field_out,hit_into_play,6.0,R,R,ARI,MIA,X,5.0,ground_ball,0.45,2.67,Lew Williams,-0.195
567813,549501,SI,20210513,97.3,-0.66,5.89,204.0,605113,542914,,ball,14.0,R,R,ARI,MIA,B,,,1.22,1.51,Lew Williams,0.038
567814,549502,SL,20210513,86.4,-0.8,5.71,91.0,605113,542914,,swinging_strike,14.0,R,R,ARI,MIA,S,,,0.17,1.06,Lew Williams,-0.032
567815,549503,SI,20210513,97.3,-0.4,5.97,203.0,605113,542914,,ball,14.0,R,R,ARI,MIA,B,,,0.88,1.58,Lew Williams,0.026
567816,549504,SI,20210513,95.2,-0.81,5.87,212.0,668942,542914,field_out,hit_into_play,4.0,L,R,ARI,MIA,X,4.0,ground_ball,-0.33,2.8,Lew Williams,-0.395
567817,549505,SI,20210513,95.2,-0.76,5.77,211.0,668942,542914,,ball,14.0,L,R,ARI,MIA,B,,,0.04,1.58,Lew Williams,0.113
567818,549506,SI,20210513,94.8,-0.57,5.98,206.0,668942,542914,,ball,11.0,L,R,ARI,MIA,B,,,-0.56,4.55,Lew Williams,0.052
567819,549507,SI,20210513,95.4,-0.81,5.91,209.0,668942,542914,,foul,4.0,L,R,ARI,MIA,S,,,-0.51,2.5,Lew Williams,-0.049
567820,549508,SI,20210513,94.7,-0.84,5.93,211.0,668942,542914,,ball,1.0,L,R,ARI,MIA,B,,,-0.76,3.6,Lew Williams,0.038
567821,549509,FF,20210513,95.0,-2.23,6.52,222.0,572816,656464,field_out,hit_into_play,12.0,L,R,ARI,MIA,X,4.0,line_drive,1.01,2.98,Lew Williams,-0.085
567822,549510,FF,20210513,95.6,-2.23,6.51,224.0,572816,656464,,foul,6.0,L,R,ARI,MIA,S,,,0.73,2.31,Lew Williams,-0.018
567823,549511,SL,20210513,82.9,-2.54,6.58,58.0,542583,656464,field_out,hit_into_play,8.0,R,R,ARI,MIA,X,5.0,line_drive,0.24,1.55,Lew Williams,-0.195
567824,549512,FF,20210513,95.3,-2.25,6.51,218.0,542583,656464,,called_strike,9.0,R,R,ARI,MIA,S,,,0.36,2.27,Lew Williams,-0.044
567825,549513,SL,20210513,84.8,-2.43,6.57,47.0,542583,656464,,ball,14.0,R,R,ARI,MIA,B,,,0.7,0.76,Lew Williams,0.05
567826,549514,FF,20210513,96.0,-2.46,6.34,222.0,542583,656464,,ball,14.0,R,R,ARI,MIA,B,,,0.37,1.53,Lew Williams,0.026
567827,549515,SL,20210513,83.0,-2.31,6.61,56.0,500743,656464,field_out,hit_into_play,5.0,R,R,ARI,MIA,X,6.0,ground_ball,0.18,2.13,Lew Williams,-0.203
567828,549516,SL,20210513,83.2,-2.6,6.48,73.0,500743,656464,,swinging_strike,14.0,R,R,ARI,MIA,S,,,0.33,0.95,Lew Williams,-0.038
567829,549517,SI,20210513,97.3,-1.25,5.92,206.0,670370,669622,strikeout,called_strike,12.0,R,R,ARI,MIA,S,2.0,,0.08,3.43,Lew Williams,-0.192
567830,549518,SI,20210513,96.9,-1.36,5.79,227.0,670370,669622,,foul,2.0,R,R,ARI,MIA,S,,,0.02,2.83,Lew Williams,-0.063
567831,549519,SL,20210513,84.6,-1.64,5.55,67.0,670370,669622,,ball,11.0,R,R,ARI,MIA,B,,,-0.91,2.59,Lew Williams,0.041
567832,549520,SL,20210513,84.9,-1.54,5.53,63.0,670370,669622,,ball,14.0,R,R,ARI,MIA,B,,,1.65,1.63,Lew Williams,0.029
567833,549521,SI,20210513,98.0,-1.31,5.89,219.0,670370,669622,,foul,2.0,R,R,ARI,MIA,S,,,0.0,2.99,Lew Williams,-0.041
567834,549522,SI,20210513,96.9,-1.36,5.83,228.0,500871,669622,strikeout,called_strike,1.0,L,R,ARI,MIA,S,2.0,,-0.35,3.17,Lew Williams,-0.21
567835,549523,FF,20210513,97.0,-1.29,5.95,225.0,500871,669622,,ball,11.0,L,R,ARI,MIA,B,,,-0.29,4.77,Lew Williams,0.022
567836,549524,SL,20210513,85.5,-1.57,5.69,60.0,500871,669622,,foul,8.0,L,R,ARI,MIA,S,,,0.18,1.7,Lew Williams,0.0
567837,549525,SL,20210513,86.4,-1.52,5.53,72.0,500871,669622,,swinging_strike,14.0,L,R,ARI,MIA,S,,,0.67,0.89,Lew Williams,-0.064
567838,549526,SL,20210513,83.6,-1.83,5.66,66.0,500871,669622,,called_strike,6.0,L,R,ARI,MIA,S,,,0.38,2.53,Lew Williams,-0.048
567839,549527,SL,20210513,85.1,-1.5,5.51,67.0,662139,669622,strikeout,swinging_strike,14.0,L,R,ARI,MIA,S,2.0,,1.21,1.02,Lew Williams,-0.238
567840,549528,SL,20210513,84.5,-1.6,5.53,66.0,662139,669622,,foul,8.0,L,R,ARI,MIA,S,,,0.19,1.64,Lew Williams,-0.088
567841,549529,SI,20210513,96.8,-1.47,5.74,234.0,662139,669622,,called_strike,3.0,L,R,ARI,MIA,S,,,0.32,2.82,Lew Williams,-0.057
567842,549530,SL,20210513,86.7,-1.64,5.46,62.0,608348,669622,walk,ball,14.0,R,R,ARI,MIA,B,,,1.73,1.85,Lew Williams,0.329
567843,549531,SI,20210513,96.3,-1.64,5.72,235.0,608348,669622,,called_strike,2.0,R,R,ARI,MIA,S,,,0.06,3.24,Lew Williams,-0.077
567844,549532,SI,20210513,96.8,-1.5,5.77,225.0,608348,669622,,called_strike,2.0,R,R,ARI,MIA,S,,,-0.19,2.81,Lew Williams,-0.081
567845,549533,SL,20210513,83.0,-1.81,5.48,78.0,608348,669622,,ball,11.0,R,R,ARI,MIA,B,,,-1.99,3.14,Lew Williams,0.126
567846,549534,SI,20210513,96.6,-1.59,5.76,233.0,608348,669622,,ball,7.0,R,R,ARI,MIA,B,,,-0.62,1.93,Lew Williams,0.07
567847,549535,SI,20210513,96.9,-1.5,5.93,225.0,608348,669622,,ball,11.0,R,R,ARI,MIA,B,,,-0.19,3.98,Lew Williams,0.038
567848,549536,SL,20210513,86.6,-1.83,5.62,89.0,656371,656266,strikeout,swinging_strike,9.0,L,R,ARI,MIA,S,2.0,,0.44,1.97,Lew Williams,-0.192
567849,549537,FF,20210513,94.8,-1.89,5.38,238.0,656371,656266,,foul,1.0,L,R,ARI,MIA,S,,,-0.43,3.05,Lew Williams,-0.063
567850,549538,FF,20210513,95.8,-1.79,5.37,236.0,656371,656266,,called_strike,9.0,L,R,ARI,MIA,S,,,0.42,1.88,Lew Williams,-0.057
567851,549539,FF,20210513,95.1,-1.77,5.41,243.0,656371,656266,,ball,12.0,L,R,ARI,MIA,B,,,0.31,3.39,Lew Williams,0.05
567852,549540,CH,20210513,90.4,-1.89,5.37,258.0,656371,656266,,ball,12.0,L,R,ARI,MIA,B,,,0.94,2.24,Lew Williams,0.036
567853,549541,FF,20210513,94.7,-1.83,5.34,242.0,642423,656266,single,hit_into_play,1.0,L,R,ARI,MIA,X,7.0,ground_ball,-0.44,3.15,Lew Williams,0.106
567854,549542,SL,20210513,85.8,-1.77,5.6,103.0,642423,656266,,ball,14.0,L,R,ARI,MIA,B,,,0.03,1.18,Lew Williams,0.02
567855,549543,FF,20210513,95.9,-1.77,5.43,236.0,642423,656266,,ball,11.0,L,R,ARI,MIA,B,,,-1.34,3.13,Lew Williams,0.014
567856,549544,FF,20210513,95.9,-1.77,5.3,239.0,642423,656266,,foul,2.0,L,R,ARI,MIA,S,,,-0.1,2.76,Lew Williams,-0.018
567857,549545,FF,20210513,95.1,-1.78,5.29,237.0,506702,656266,field_out,hit_into_play,8.0,L,R,ARI,MIA,X,4.0,ground_ball,-0.14,1.54,Lew Williams,-0.163
567858,549546,FF,20210513,95.6,-1.71,5.45,236.0,605119,656266,field_out,hit_into_play,6.0,R,R,ARI,MIA,X,1.0,ground_ball,0.73,2.4,Lew Williams,-0.282
567859,549547,FF,20210513,94.6,-1.82,5.41,232.0,605119,656266,,swinging_strike,2.0,R,R,ARI,MIA,S,,,0.14,3.27,Lew Williams,-0.067
567860,549548,FF,20210513,94.9,-1.84,5.43,237.0,605119,656266,,ball,14.0,R,R,ARI,MIA,B,,,0.83,2.15,Lew Williams,0.07
567861,549549,SL,20210513,85.0,-1.86,5.65,94.0,605119,656266,,ball,13.0,R,R,ARI,MIA,B,,,-1.28,2.47,Lew Williams,0.038
567862,549550,SI,20210513,93.7,-3.26,6.23,226.0,656976,571670,field_out,hit_into_play,5.0,L,R,ARI,MIA,X,7.0,fly_ball,-0.03,2.45,Lew Williams,-0.185
567863,549551,SI,20210513,93.6,-3.43,6.24,223.0,656976,571670,,foul,11.0,L,R,ARI,MIA,S,,,-0.89,3.0,Lew Williams,-0.041
567864,549552,FF,20210513,93.0,-3.34,6.17,226.0,642165,571670,field_out,hit_into_play,6.0,L,R,ARI,MIA,X,8.0,fly_ball,0.55,2.65,Lew Williams,-0.301
567865,549553,CH,20210513,87.0,-3.78,5.9,250.0,642165,571670,,ball,13.0,L,R,ARI,MIA,B,,,-1.19,1.84,Lew Williams,0.043
567866,549554,FF,20210513,92.9,-3.52,6.14,223.0,642165,571670,,called_strike,1.0,L,R,ARI,MIA,S,,,-0.51,3.39,Lew Williams,-0.048
567867,549555,SI,20210513,94.1,-3.12,6.16,221.0,641796,571670,single,hit_into_play,6.0,R,R,ARI,MIA,X,4.0,ground_ball,0.72,2.45,Lew Williams,0.311
567868,549556,CH,20210513,87.7,-3.53,5.95,243.0,641796,571670,,ball,13.0,R,R,ARI,MIA,B,,,-0.33,0.03,Lew Williams,0.013
567869,549557,SI,20210513,94.0,-3.32,6.2,219.0,641796,571670,,swinging_strike,13.0,R,R,ARI,MIA,S,,,-1.21,1.72,Lew Williams,-0.035
567870,549558,SL,20210513,88.9,-3.42,6.22,196.0,641796,571670,,called_strike,3.0,R,R,ARI,MIA,S,,,0.44,3.2,Lew Williams,-0.027
567871,549559,FF,20210513,94.8,-3.21,6.31,225.0,605113,571670,field_out,hit_into_play,11.0,R,R,ARI,MIA,X,9.0,fly_ball,-0.29,4.23,Lew Williams,-0.151
567872,549560,SI,20210513,94.8,-3.28,6.19,226.0,605113,571670,,foul,5.0,R,R,ARI,MIA,S,,,0.17,2.46,Lew Williams,-0.052
567873,549561,SI,20210513,93.2,-3.15,6.29,224.0,605113,571670,,called_strike,12.0,R,R,ARI,MIA,S,,,0.84,2.78,Lew Williams,-0.038
567874,549562,FF,20210513,91.4,-0.16,6.56,216.0,542932,606965,grounded_into_double_play,hit_into_play,3.0,R,R,ARI,MIA,X,6.0,ground_ball,0.53,2.79,Lew Williams,-0.641
567875,549563,FF,20210513,91.8,-0.51,6.52,213.0,542932,606965,,ball,14.0,R,R,ARI,MIA,B,,,1.01,2.01,Lew Williams,0.089
567876,549564,CH,20210513,80.4,-0.08,6.47,231.0,594807,606965,single,hit_into_play,9.0,R,R,ARI,MIA,X,8.0,line_drive,0.44,2.04,Lew Williams,0.842
567877,549565,SL,20210513,80.3,-0.44,6.59,71.0,594807,606965,,ball,12.0,R,R,ARI,MIA,B,,,2.08,3.37,Lew Williams,0.089
567878,549566,CH,20210513,81.1,-0.27,6.54,231.0,572816,606965,single,hit_into_play,14.0,L,R,ARI,MIA,X,9.0,line_drive,0.26,1.33,Lew Williams,0.902
567879,549567,CH,20210513,81.1,-0.29,6.57,238.0,572816,606965,,foul,8.0,L,R,ARI,MIA,S,,,0.04,2.1,Lew Williams,-0.079
567880,549568,FF,20210513,92.1,-0.44,6.55,217.0,542583,606965,single,hit_into_play,5.0,R,R,ARI,MIA,X,9.0,ground_ball,0.14,2.32,Lew Williams,1.057
567881,549569,CH,20210513,79.6,-0.27,6.62,227.0,542583,606965,,called_strike,2.0,R,R,ARI,MIA,S,,,-0.13,3.04,Lew Williams,-0.114
567882,549570,FF,20210513,90.9,-0.59,6.54,222.0,500743,606965,double,hit_into_play,2.0,R,R,ARI,MIA,X,8.0,fly_ball,0.19,2.92,Lew Williams,0.918
567883,549571,CU,20210513,81.9,-1.65,5.72,51.0,643265,518876,walk,ball,14.0,R,R,ARI,MIA,B,,,1.75,0.76,Lew Williams,0.214
567884,549572,SI,20210513,90.7,-1.63,5.71,208.0,643265,518876,,foul,2.0,R,R,ARI,MIA,S,,,-0.13,3.47,Lew Williams,0.0
567885,549573,CU,20210513,81.6,-1.66,5.82,50.0,643265,518876,,foul,14.0,R,R,ARI,MIA,S,,,0.2,1.43,Lew Williams,0.0
567886,549574,FF,20210513,91.0,-1.69,5.59,224.0,643265,518876,,called_strike,9.0,R,R,ARI,MIA,S,,,0.69,1.86,Lew Williams,-0.065
567887,549575,FF,20210513,90.2,-1.72,5.64,214.0,643265,518876,,called_strike,9.0,R,R,ARI,MIA,S,,,0.55,1.87,Lew Williams,-0.049
567888,549576,FF,20210513,90.2,-1.71,5.65,218.0,643265,518876,,ball,14.0,R,R,ARI,MIA,B,,,1.11,1.34,Lew Williams,0.088
567889,549577,FF,20210513,90.0,-1.61,5.69,220.0,643265,518876,,ball,14.0,R,R,ARI,MIA,B,,,1.05,2.34,Lew Williams,0.05
567890,549578,FC,20210513,87.9,-1.72,5.7,205.0,643265,518876,,ball,14.0,R,R,ARI,MIA,B,,,2.25,1.17,Lew Williams,0.026
567891,549579,CU,20210513,77.6,-1.66,5.99,61.0,642423,518876,field_out,hit_into_play,5.0,L,R,ARI,MIA,X,5.0,line_drive,0.23,2.22,Lew Williams,-0.241
567892,549580,FF,20210513,94.8,2.17,5.89,135.0,668942,669432,strikeout,swinging_strike,4.0,L,L,ARI,MIA,S,2.0,,-0.72,2.73,Lew Williams,-0.258
567893,549581,CH,20210513,86.0,2.1,5.86,116.0,668942,669432,,foul,12.0,L,L,ARI,MIA,S,,,0.94,2.67,Lew Williams,-0.071
567894,549582,CH,20210513,86.9,2.22,5.92,127.0,668942,669432,,ball,13.0,L,L,ARI,MIA,B,,,-0.39,1.15,Lew Williams,0.04
567895,549583,CH,20210513,84.9,2.15,5.94,124.0,668942,669432,,called_strike,4.0,L,L,ARI,MIA,S,,,-0.33,2.65,Lew Williams,-0.053
567896,549584,SL,20210513,85.5,2.26,5.79,175.0,668942,669432,,ball,13.0,L,L,ARI,MIA,B,,,-2.32,0.92,Lew Williams,0.036
567897,549585,FF,20210513,97.0,2.24,5.85,139.0,670370,669432,strikeout,called_strike,7.0,R,L,ARI,MIA,S,2.0,,-0.82,1.78,Lew Williams,-0.378
567898,549586,FF,20210513,95.0,2.16,5.88,131.0,670370,669432,,foul,3.0,R,L,ARI,MIA,S,,,0.49,2.85,Lew Williams,-0.115
567899,549587,FF,20210513,94.6,2.18,5.93,134.0,670370,669432,,called_strike,1.0,R,L,ARI,MIA,S,,,-0.39,3.16,Lew Williams,-0.055
567900,549588,FF,20210513,94.9,2.31,5.91,136.0,670370,669432,,ball,9.0,R,L,ARI,MIA,B,,,0.73,1.65,Lew Williams,0.131
567901,549589,CH,20210513,83.7,2.11,5.75,118.0,670370,669432,,ball,14.0,R,L,ARI,MIA,B,,,1.29,1.19,Lew Williams,0.07
567902,549590,SL,20210513,84.7,2.08,5.84,114.0,670370,669432,,ball,12.0,R,L,ARI,MIA,B,,,1.56,2.58,Lew Williams,0.046
567903,549591,FF,20210513,95.2,2.24,5.9,134.0,500871,669432,strikeout,swinging_strike,12.0,R,L,ARI,MIA,S,2.0,,0.61,3.71,Lew Williams,-0.267
567904,549592,FF,20210513,93.3,2.27,5.88,137.0,500871,669432,,foul,5.0,R,L,ARI,MIA,S,,,0.05,2.12,Lew Williams,-0.098
567905,549593,CH,20210513,86.8,2.36,5.84,126.0,500871,669432,,ball,14.0,R,L,ARI,MIA,B,,,1.22,0.84,Lew Williams,0.039
567906,549594,CH,20210513,86.8,2.3,5.85,120.0,500871,669432,,foul,14.0,R,L,ARI,MIA,S,,,1.19,1.78,Lew Williams,-0.057
567907,549595,FF,20210513,94.2,2.3,5.93,133.0,452678,669432,single,hit_into_play,5.0,R,L,ARI,MIA,X,8.0,line_drive,-0.26,2.73,Lew Williams,0.362
567908,549596,FF,20210513,93.9,2.26,5.99,137.0,452678,669432,,ball,12.0,R,L,ARI,MIA,B,,,1.52,3.73,Lew Williams,0.052
567909,549597,FF,20210513,94.7,2.28,5.93,121.0,452678,669432,,foul,6.0,R,L,ARI,MIA,S,,,0.67,2.23,Lew Williams,-0.049
567910,549598,FF,20210513,93.8,2.31,5.97,132.0,452678,669432,,ball,14.0,R,L,ARI,MIA,B,,,1.27,1.55,Lew Williams,0.038
567911,549599,FF,20210513,90.7,-1.77,5.65,228.0,506702,518876,field_out,hit_into_play,11.0,L,R,ARI,MIA,X,1.0,ground_ball,-0.9,2.51,Lew Williams,-0.516
567912,549600,FF,20210513,89.8,-1.69,5.67,216.0,506702,518876,,ball,12.0,L,R,ARI,MIA,B,,,1.3,2.33,Lew Williams,0.096
567913,549601,CU,20210513,80.3,-1.69,5.92,51.0,506702,518876,,called_strike,5.0,L,R,ARI,MIA,S,,,-0.04,2.1,Lew Williams,-0.078
567914,549602,CU,20210513,79.9,-1.84,5.91,56.0,506702,518876,,ball,13.0,L,R,ARI,MIA,B,,,-1.14,1.56,Lew Williams,0.057
567915,549603,FF,20210513,92.2,-1.7,5.57,221.0,605119,518876,single,hit_into_play,9.0,R,R,ARI,MIA,X,9.0,ground_ball,0.74,2.08,Lew Williams,1.091
567916,549604,FF,20210513,91.9,-1.69,5.61,224.0,605119,518876,,swinging_strike,11.0,R,R,ARI,MIA,S,,,-0.06,3.8,Lew Williams,-0.067
567917,549605,CU,20210513,80.4,-1.56,5.82,54.0,542932,518876,force_out,hit_into_play,9.0,R,R,ARI,MIA,X,5.0,ground_ball,0.62,1.84,Lew Williams,-0.417
567918,549606,SI,20210513,91.2,-1.61,5.7,208.0,542932,518876,,foul,13.0,R,R,ARI,MIA,S,,,-0.92,2.1,Lew Williams,-0.121
567919,549607,SI,20210513,91.3,-1.74,5.73,214.0,542932,518876,,ball,11.0,R,R,ARI,MIA,B,,,-0.9,3.13,Lew Williams,0.058
567920,549608,SI,20210513,91.8,-1.72,5.66,210.0,542932,518876,,called_strike,4.0,R,R,ARI,MIA,S,,,-0.78,2.37,Lew Williams,-0.072
567921,549609,SI,20210513,92.9,-1.66,5.61,220.0,594807,518876,single,hit_into_play,8.0,R,R,ARI,MIA,X,6.0,ground_ball,0.09,1.69,Lew Williams,0.397
567922,549610,FF,20210513,92.9,-1.78,5.55,221.0,594807,518876,,ball,13.0,R,R,ARI,MIA,B,,,-0.14,1.3,Lew Williams,0.117
567923,549611,FF,20210513,90.8,-1.66,5.67,216.0,594807,518876,,foul_tip,5.0,R,R,ARI,MIA,S,,,-0.07,2.53,Lew Williams,-0.096
567924,549612,FF,20210513,92.2,-1.63,5.62,217.0,594807,518876,,ball,14.0,R,R,ARI,MIA,B,,,1.78,1.73,Lew Williams,0.061
567925,549613,FF,20210513,89.8,-1.59,5.69,214.0,594807,518876,,foul,4.0,R,R,ARI,MIA,S,,,-0.51,2.81,Lew Williams,-0.051
567926,549614,SI,20210513,90.9,-1.72,5.61,216.0,594807,518876,,ball,14.0,R,R,ARI,MIA,B,,,0.04,1.37,Lew Williams,0.046
567927,549615,CH,20210513,86.8,-1.73,5.76,235.0,572816,518876,single,hit_into_play,8.0,L,R,ARI,MIA,X,8.0,line_drive,-0.09,1.76,Lew Williams,0.23
567928,549616,CH,20210513,86.5,-1.65,5.72,224.0,572816,518876,,ball,13.0,L,R,ARI,MIA,B,,,-1.25,1.99,Lew Williams,0.038
567929,549617,FC,20210513,90.8,-1.74,5.63,196.0,572816,518876,,ball,14.0,L,R,ARI,MIA,B,,,1.47,2.37,Lew Williams,0.021
567930,549618,FF,20210513,91.3,-1.94,5.66,222.0,572816,518876,,called_strike,11.0,L,R,ARI,MIA,S,,,-0.84,3.11,Lew Williams,-0.027
567931,549619,FF,20210513,92.1,-1.75,5.59,215.0,542583,518876,field_out,hit_into_play,5.0,R,R,ARI,MIA,X,9.0,fly_ball,0.14,2.39,Lew Williams,-0.241
567932,549620,FF,20210513,94.9,2.27,5.85,128.0,608348,669432,field_out,hit_into_play,13.0,R,L,ARI,MIA,X,9.0,fly_ball,-0.46,1.43,Lew Williams,-0.073
567933,549621,FF,20210513,93.9,2.28,5.97,132.0,608348,669432,,foul,2.0,R,L,ARI,MIA,S,,,-0.09,2.91,Lew Williams,-0.027
567934,549622,FF,20210513,93.2,2.31,5.91,132.0,608348,669432,,swinging_strike,6.0,R,L,ARI,MIA,S,,,0.41,2.67,Lew Williams,-0.02
567935,549623,FF,20210513,93.3,2.41,5.95,140.0,608348,669432,,ball,12.0,R,L,ARI,MIA,B,,,1.82,2.94,Lew Williams,0.016
567936,549624,SL,20210513,83.5,2.12,5.86,201.0,656976,669432,sac_fly,hit_into_play,11.0,L,L,ARI,MIA,X,8.0,line_drive,-0.2,3.69,Lew Williams,-0.173
567937,549625,FF,20210513,93.1,2.38,5.96,129.0,518876,669432,sac_bunt,hit_into_play,2.0,R,L,ARI,MIA,X,1.0,ground_ball,-0.04,2.93,Lew Williams,-0.024
567938,549626,FF,20210513,92.9,2.22,5.94,136.0,518876,669432,,foul_bunt,5.0,R,L,ARI,MIA,S,,,-0.27,2.75,Lew Williams,-0.052
567939,549627,FF,20210513,93.7,2.3,5.92,127.0,641796,669432,double,hit_into_play,6.0,R,L,ARI,MIA,X,,fly_ball,0.28,2.32,Lew Williams,0.601
567940,549628,CH,20210513,85.5,2.23,5.77,127.0,641796,669432,,ball,14.0,R,L,ARI,MIA,B,,,0.45,0.37,Lew Williams,0.038
567941,549629,FC,20210513,90.2,-1.8,5.62,203.0,500743,518876,strikeout,swinging_strike,12.0,R,R,ARI,MIA,S,2.0,,1.3,2.57,Lew Williams,-0.091
567942,549630,SI,20210513,91.4,-1.64,5.66,216.0,500743,518876,,ball,14.0,R,R,ARI,MIA,B,,,0.22,0.86,Lew Williams,0.018
567943,549631,FC,20210513,90.2,-1.74,5.6,206.0,500743,518876,,swinging_strike,14.0,R,R,ARI,MIA,S,,,1.14,1.56,Lew Williams,-0.027
567944,549632,FF,20210513,91.1,-1.72,5.63,220.0,500743,518876,,called_strike,8.0,R,R,ARI,MIA,S,,,0.24,1.84,Lew Williams,-0.02
567945,549633,FF,20210513,91.4,-1.71,5.57,221.0,500743,518876,,ball,14.0,R,R,ARI,MIA,B,,,1.38,0.42,Lew Williams,0.016
567946,549634,FF,20210513,90.6,-1.81,5.65,216.0,669432,518876,field_out,hit_into_play,5.0,L,R,ARI,MIA,X,3.0,ground_ball,-0.03,2.41,Lew Williams,-0.163
567947,549635,CU,20210513,80.2,-1.7,5.85,46.0,642423,518876,field_out,hit_into_play,9.0,L,R,ARI,MIA,X,8.0,fly_ball,0.44,1.64,Lew Williams,-0.282
567948,549636,SI,20210513,90.3,-1.79,5.67,219.0,642423,518876,,ball,14.0,L,R,ARI,MIA,B,,,0.41,1.23,Lew Williams,0.052
567949,549637,CH,20210513,84.6,-1.76,5.76,232.0,642423,518876,,ball,14.0,L,R,ARI,MIA,B,,,0.97,0.08,Lew Williams,0.027
567950,549638,CU,20210513,77.2,-1.8,5.94,54.0,642423,518876,,called_strike,2.0,L,R,ARI,MIA,S,,,-0.19,3.14,Lew Williams,-0.038
567951,549639,FF,20210513,94.3,2.38,6.01,128.0,605113,669432,strikeout,called_strike,7.0,R,L,ARI,MIA,S,2.0,,-0.46,1.9,Lew Williams,-0.061
567952,549640,CH,20210513,84.3,2.21,5.88,111.0,605113,669432,,foul,9.0,R,L,ARI,MIA,S,,,0.79,1.84,Lew Williams,-0.024
567953,549641,FF,20210513,92.1,2.39,5.92,134.0,605113,669432,,called_strike,14.0,R,L,ARI,MIA,S,,,1.01,2.68,Lew Williams,-0.018
567954,549642,SL,20210513,81.7,2.34,5.94,212.0,668942,669432,field_out,hit_into_play,7.0,L,L,ARI,MIA,X,3.0,ground_ball,-0.42,1.95,Lew Williams,-0.189
567955,549643,SL,20210513,81.9,2.26,5.89,188.0,668942,669432,,ball,13.0,L,L,ARI,MIA,B,,,-1.42,0.16,Lew Williams,0.026
567956,549644,FF,20210513,93.2,2.35,6.0,130.0,670370,669432,field_out,hit_into_play,12.0,R,L,ARI,MIA,X,4.0,ground_ball,0.96,2.73,Lew Williams,-0.203
567957,549645,SL,20210513,81.1,2.3,5.84,235.0,670370,669432,,called_strike,3.0,R,L,ARI,MIA,S,,,0.75,2.73,Lew Williams,-0.038
567958,549646,FC,20210513,88.9,-1.69,5.69,208.0,506702,518876,field_out,hit_into_play,14.0,L,R,ARI,MIA,X,5.0,popup,1.3,1.94,Lew Williams,-0.256
567959,549647,CU,20210513,78.8,-1.69,5.88,44.0,506702,518876,,called_strike,4.0,L,R,ARI,MIA,S,,,-0.58,2.01,Lew Williams,-0.057
567960,549648,CH,20210513,85.5,-1.68,5.73,226.0,506702,518876,,blocked_ball,14.0,L,R,ARI,MIA,B,,,0.29,0.47,Lew Williams,0.05
567961,549649,FF,20210513,90.8,-1.84,5.66,218.0,506702,518876,,ball,11.0,L,R,ARI,MIA,B,,,-0.94,2.88,Lew Williams,0.036
567962,549650,FF,20210513,91.2,-1.65,5.57,214.0,605119,518876,strikeout,swinging_strike,12.0,R,R,ARI,MIA,S,2.0,,0.87,2.88,Lew Williams,-0.21
567963,549651,FF,20210513,90.8,-1.65,5.57,217.0,605119,518876,,swinging_strike,2.0,R,R,ARI,MIA,S,,,-0.1,3.51,Lew Williams,-0.086
567964,549652,SI,20210513,91.8,-1.74,5.65,217.0,605119,518876,,foul,7.0,R,R,ARI,MIA,S,,,-0.67,1.84,Lew Williams,-0.051
567965,549653,SI,20210513,90.7,-1.76,5.72,215.0,605119,518876,,ball,11.0,R,R,ARI,MIA,B,,,-1.32,2.86,Lew Williams,0.046
567966,549654,SI,20210513,91.5,-1.77,5.63,218.0,542932,518876,walk,ball,13.0,R,R,ARI,MIA,B,,,-1.0,1.96,Lew Williams,0.214
567967,549655,SI,20210513,91.6,-1.63,5.62,212.0,542932,518876,,called_strike,8.0,R,R,ARI,MIA,S,,,0.13,1.74,Lew Williams,-0.065
567968,549656,FF,20210513,90.7,-1.83,5.62,216.0,542932,518876,,called_strike,3.0,R,R,ARI,MIA,S,,,0.76,2.68,Lew Williams,-0.049
567969,549657,SI,20210513,90.6,-1.66,5.66,220.0,542932,518876,,ball,13.0,R,R,ARI,MIA,B,,,-0.06,0.68,Lew Williams,0.088
567970,549658,SI,20210513,90.2,-1.71,5.67,209.0,542932,518876,,ball,14.0,R,R,ARI,MIA,B,,,0.19,1.37,Lew Williams,0.05
567971,549659,FF,20210513,91.1,-1.7,5.6,222.0,542932,518876,,ball,14.0,R,R,ARI,MIA,B,,,1.24,1.64,Lew Williams,0.026
567972,549660,CU,20210513,79.1,-1.67,5.87,47.0,594807,518876,field_out,hit_into_play,8.0,R,R,ARI,MIA,X,6.0,ground_ball,0.15,1.65,Lew Williams,-0.241
567973,549661,FF,20210513,95.6,2.28,5.91,132.0,500871,669432,field_out,hit_into_play,2.0,R,L,ARI,MIA,X,9.0,fly_ball,0.01,3.16,Lew Williams,-0.278
567974,549662,FF,20210513,95.0,2.2,5.88,131.0,500871,669432,,foul,4.0,R,L,ARI,MIA,S,,,-0.31,2.61,Lew Williams,-0.097
567975,549663,FF,20210513,95.6,2.3,5.91,128.0,500871,669432,,foul,5.0,R,L,ARI,MIA,S,,,-0.23,2.14,Lew Williams,-0.075
567976,549664,FF,20210513,95.0,2.25,5.81,134.0,452678,669432,single,hit_into_play,7.0,R,L,ARI,MIA,X,7.0,line_drive,-0.44,1.47,Lew Williams,0.246
567977,549665,CH,20210513,87.6,2.29,5.86,125.0,452678,669432,,ball,14.0,R,L,ARI,MIA,B,,,1.25,1.76,Lew Williams,0.041
567978,549666,CH,20210513,88.3,2.3,5.82,128.0,452678,669432,,ball,14.0,R,L,ARI,MIA,B,,,0.05,1.11,Lew Williams,0.029
567979,549667,SL,20210513,84.2,2.34,5.89,184.0,452678,669432,,called_strike,9.0,R,L,ARI,MIA,S,,,0.45,1.77,Lew Williams,-0.041
567980,549668,FF,20210513,94.5,2.3,5.9,130.0,608348,669432,walk,ball,12.0,R,L,ARI,MIA,B,,,1.98,2.61,Lew Williams,0.066
567981,549669,FF,20210513,94.5,2.27,5.9,130.0,608348,669432,,ball,14.0,R,L,ARI,MIA,B,,,1.19,1.82,Lew Williams,0.042
567982,549670,FF,20210513,94.8,2.32,5.98,128.0,608348,669432,,ball,14.0,R,L,ARI,MIA,B,,,0.06,1.0,Lew Williams,0.02
567983,549671,FF,20210513,91.7,2.34,5.95,136.0,608348,669432,,ball,13.0,R,L,ARI,MIA,B,,,-1.86,2.39,Lew Williams,0.014
567984,549672,FF,20210513,92.5,2.46,6.02,136.0,608348,669432,,called_strike,8.0,R,L,ARI,MIA,S,,,-0.04,1.66,Lew Williams,-0.018
567985,549673,FF,20210513,94.0,2.38,5.94,134.0,656976,669432,field_out,hit_into_play,2.0,L,L,ARI,MIA,X,8.0,fly_ball,0.27,2.97,Lew Williams,-0.157
567986,549674,FF,20210513,94.8,2.28,6.02,137.0,656976,669432,,ball,4.0,L,L,ARI,MIA,B,,,-0.53,2.71,Lew Williams,0.021
567987,549675,FF,20210513,94.4,2.36,5.98,140.0,656976,669432,,called_strike,8.0,L,L,ARI,MIA,S,,,0.16,1.78,Lew Williams,-0.027
567988,549676,FF,20210513,91.6,2.35,5.96,134.0,518876,669432,field_out,hit_into_play,11.0,R,L,ARI,MIA,X,5.0,ground_ball,-0.95,2.59,Lew Williams,-0.203
567989,549677,FF,20210513,92.9,2.42,5.99,126.0,518876,669432,,called_strike,3.0,R,L,ARI,MIA,S,,,0.71,2.9,Lew Williams,-0.038
567990,549678,CH,20210513,85.8,-1.75,5.76,230.0,572816,518876,field_out,hit_into_play,4.0,L,R,ARI,MIA,X,5.0,ground_ball,-0.61,2.22,Lew Williams,-0.261
567991,549679,SI,20210513,91.1,-1.85,5.65,220.0,572816,518876,,ball,13.0,L,R,ARI,MIA,B,,,-0.16,0.99,Lew Williams,0.036
567992,549680,CH,20210513,86.9,-1.72,5.71,228.0,542583,518876,single,hit_into_play,9.0,R,R,ARI,MIA,X,8.0,line_drive,0.38,1.49,Lew Williams,0.152
567993,549681,CH,20210513,86.8,-1.68,5.75,222.0,542583,518876,,foul,9.0,R,R,ARI,MIA,S,,,0.58,2.11,Lew Williams,-0.027
567994,549682,CH,20210513,86.8,-1.62,5.74,233.0,542583,518876,,ball,14.0,R,R,ARI,MIA,B,,,1.49,0.12,Lew Williams,0.014
567995,549683,FF,20210513,92.0,-1.8,5.68,218.0,542583,518876,,called_strike,6.0,R,R,ARI,MIA,S,,,0.8,2.46,Lew Williams,-0.018
567996,549684,CU,20210513,81.7,-1.49,5.83,53.0,500743,518876,single,hit_into_play,9.0,R,R,ARI,MIA,X,8.0,ground_ball,0.42,1.93,Lew Williams,0.785
567997,549685,SI,20210513,90.6,-1.65,5.7,216.0,500743,518876,,foul,7.0,R,R,ARI,MIA,S,,,-0.82,1.97,Lew Williams,-0.079
567998,549686,CU,20210513,81.2,-1.64,5.88,61.0,500743,518876,,called_strike,4.0,R,R,ARI,MIA,S,,,-0.58,2.44,Lew Williams,-0.046
567999,549687,CU,20210513,80.8,-1.75,5.92,51.0,669432,518876,strikeout,called_strike,5.0,L,R,ARI,MIA,S,2.0,,-0.19,2.42,Lew Williams,-0.347
568000,549688,FF,20210513,90.5,-1.76,5.77,221.0,669432,518876,,missed_bunt,11.0,L,R,ARI,MIA,S,,,-1.18,3.15,Lew Williams,-0.107
568001,549689,FF,20210513,90.1,-1.78,5.73,214.0,669432,518876,,foul_bunt,4.0,L,R,ARI,MIA,S,,,-0.64,2.72,Lew Williams,-0.054
568002,549690,FF,20210513,89.5,-1.84,5.79,219.0,669432,518876,,ball,11.0,L,R,ARI,MIA,B,,,-1.57,3.3,Lew Williams,0.054
568003,549691,SI,20210513,91.5,-1.7,5.68,209.0,642423,518876,double,hit_into_play,4.0,L,R,ARI,MIA,X,8.0,line_drive,-0.37,2.33,Lew Williams,0.598
568004,549692,FF,20210513,91.2,-1.68,5.69,226.0,642423,518876,,called_strike,5.0,L,R,ARI,MIA,S,,,0.27,2.76,Lew Williams,-0.067
568005,549693,SI,20210513,91.6,-1.64,5.68,211.0,642423,518876,,ball,13.0,L,R,ARI,MIA,B,,,-0.18,1.11,Lew Williams,0.07
568006,549694,FF,20210513,90.9,-1.82,5.72,220.0,642423,518876,,ball,11.0,L,R,ARI,MIA,B,,,-0.87,2.66,Lew Williams,0.038
568007,549695,FF,20210513,95.5,2.16,5.93,125.0,641796,669432,strikeout,foul_tip,2.0,R,L,ARI,MIA,S,2.0,,0.14,3.4,Lew Williams,-0.138
568008,549696,FF,20210513,95.3,2.16,5.88,128.0,641796,669432,,foul,4.0,R,L,ARI,MIA,S,,,-0.35,2.43,Lew Williams,-0.047
568009,549697,FF,20210513,95.3,2.25,5.87,129.0,641796,669432,,called_strike,9.0,R,L,ARI,MIA,S,,,0.55,1.9,Lew Williams,-0.041
568010,549698,SL,20210513,84.4,2.2,5.93,207.0,605113,669432,field_out,hit_into_play,4.0,R,L,ARI,MIA,X,8.0,fly_ball,-0.35,2.63,Lew Williams,-0.216
568011,549699,FF,20210513,95.1,2.18,5.92,130.0,605113,669432,,foul,3.0,R,L,ARI,MIA,S,,,0.52,3.16,Lew Williams,-0.086
568012,549700,CH,20210513,86.1,2.22,5.81,122.0,605113,669432,,called_strike,6.0,R,L,ARI,MIA,S,,,0.79,2.73,Lew Williams,-0.051
568013,549701,SL,20210513,84.1,2.28,5.84,215.0,605113,669432,,ball,13.0,R,L,ARI,MIA,B,,,-1.37,1.5,Lew Williams,0.046
568014,549702,CH,20210513,88.0,2.18,5.77,129.0,668942,669432,strikeout,swinging_strike,14.0,L,L,ARI,MIA,S,2.0,,1.13,1.42,Lew Williams,-0.332
568015,549703,FF,20210513,94.6,2.21,5.94,126.0,668942,669432,,called_strike,7.0,L,L,ARI,MIA,S,,,-0.29,1.97,Lew Williams,-0.109
568016,549704,SL,20210513,84.0,2.13,5.8,220.0,668942,669432,,ball,13.0,L,L,ARI,MIA,B,,,-1.55,2.19,Lew Williams,0.076
568017,549705,SL,20210513,84.1,2.32,5.79,211.0,668942,669432,,ball,13.0,L,L,ARI,MIA,B,,,-1.78,1.08,Lew Williams,0.039
568018,549706,FF,20210513,94.2,2.38,5.9,134.0,668942,669432,,called_strike,4.0,L,L,ARI,MIA,S,,,-0.4,2.26,Lew Williams,-0.057
568019,549707,FF,20210513,95.7,2.27,5.89,129.0,670370,669432,walk,ball,14.0,R,L,ARI,MIA,B,,,1.15,1.95,Lew Williams,0.329
568020,549708,FF,20210513,96.4,2.32,5.85,126.0,670370,669432,,foul,6.0,R,L,ARI,MIA,S,,,0.47,2.06,Lew Williams,0.0
568021,549709,FF,20210513,96.6,2.24,5.87,126.0,670370,669432,,ball,13.0,R,L,ARI,MIA,B,,,-1.09,0.67,Lew Williams,0.101
568022,549710,CH,20210513,87.9,2.31,5.82,123.0,670370,669432,,swinging_strike,14.0,R,L,ARI,MIA,S,,,0.32,0.54,Lew Williams,-0.066
568023,549711,FF,20210513,94.9,2.41,5.91,132.0,670370,669432,,ball,13.0,R,L,ARI,MIA,B,,,-0.94,2.21,Lew Williams,0.052
568024,549712,FF,20210513,94.0,2.48,5.88,138.0,670370,669432,,called_strike,7.0,R,L,ARI,MIA,S,,,-0.7,1.75,Lew Williams,-0.049
568025,549713,FF,20210513,93.5,2.31,5.88,128.0,670370,669432,,ball,13.0,R,L,ARI,MIA,B,,,-0.65,1.3,Lew Williams,0.038
568026,549714,FF,20210513,90.8,-1.84,5.68,219.0,506702,518876,field_out,hit_into_play,1.0,L,R,ARI,MIA,X,1.0,ground_ball,-0.59,2.75,Lew Williams,0.024
568027,549715,CH,20210513,87.4,-1.73,5.73,234.0,506702,518876,,ball,13.0,L,R,ARI,MIA,B,,,-0.31,0.22,Lew Williams,0.014
568028,549716,FF,20210513,91.4,-1.86,5.63,221.0,506702,518876,,called_strike,8.0,L,R,ARI,MIA,S,,,0.2,1.84,Lew Williams,-0.018
568029,549717,CU,20210513,80.0,-1.66,5.86,46.0,605119,518876,field_out,hit_into_play,5.0,R,R,ARI,MIA,X,6.0,ground_ball,0.03,2.56,Lew Williams,-0.189
568030,549718,FF,20210513,91.5,-1.68,5.65,220.0,605119,518876,,ball,12.0,R,R,ARI,MIA,B,,,1.39,2.92,Lew Williams,0.026
568031,549719,SI,20210513,91.0,-1.63,5.64,214.0,542932,518876,field_out,hit_into_play,8.0,R,R,ARI,MIA,X,6.0,ground_ball,-0.1,1.77,Lew Williams,-0.349
568032,549720,FF,20210513,91.2,-1.74,5.67,213.0,542932,518876,,ball,14.0,R,R,ARI,MIA,B,,,1.6,1.57,Lew Williams,0.07
568033,549721,FF,20210513,90.4,-1.67,5.67,209.0,542932,518876,,ball,12.0,R,R,ARI,MIA,B,,,1.15,2.64,Lew Williams,0.038
568034,549722,CH,20210513,88.1,2.25,5.77,125.0,500871,669432,field_out,hit_into_play,9.0,R,L,ARI,MIA,X,6.0,line_drive,0.51,1.93,Lew Williams,-0.227
568035,549723,SL,20210513,84.5,2.19,5.83,230.0,452678,669432,strikeout,swinging_strike,7.0,R,L,ARI,MIA,S,2.0,,-0.6,1.79,Lew Williams,-0.189
568036,549724,FF,20210513,95.4,2.12,5.9,129.0,452678,669432,,foul,1.0,R,L,ARI,MIA,S,,,-0.52,3.46,Lew Williams,0.0
568037,549725,FF,20210513,95.8,2.34,5.87,130.0,452678,669432,,foul,1.0,R,L,ARI,MIA,S,,,-0.34,3.36,Lew Williams,-0.064
568038,549726,FF,20210513,95.0,2.43,5.8,129.0,452678,669432,,called_strike,3.0,R,L,ARI,MIA,S,,,0.55,2.93,Lew Williams,-0.048
568039,549727,CH,20210513,88.8,2.32,5.8,121.0,608348,669432,single,hit_into_play,9.0,R,L,ARI,MIA,X,7.0,ground_ball,0.5,1.96,Lew Williams,0.311
568040,549728,CH,20210513,87.7,2.29,5.85,123.0,608348,669432,,ball,14.0,R,L,ARI,MIA,B,,,1.94,1.56,Lew Williams,0.013
568041,549729,CH,20210513,88.4,2.23,5.82,121.0,608348,669432,,swinging_strike,14.0,R,L,ARI,MIA,S,,,0.28,1.02,Lew Williams,-0.035
568042,549730,FF,20210513,94.6,2.41,5.86,136.0,608348,669432,,called_strike,2.0,R,L,ARI,MIA,S,,,0.21,2.68,Lew Williams,-0.027
568043,549731,FF,20210513,96.2,2.24,5.94,134.0,656976,669432,field_out,hit_into_play,7.0,L,L,ARI,MIA,X,5.0,line_drive,-0.81,1.71,Lew Williams,-0.317
568044,549732,FF,20210513,96.3,2.23,5.96,133.0,656976,669432,,ball,11.0,L,L,ARI,MIA,B,,,-0.35,3.72,Lew Williams,0.101
568045,549733,FF,20210513,96.0,2.27,5.97,133.0,656976,669432,,foul,5.0,L,L,ARI,MIA,S,,,0.11,2.28,Lew Williams,0.0
568046,549734,SL,20210513,85.5,2.27,5.8,261.0,656976,669432,,ball,13.0,L,L,ARI,MIA,B,,,-1.28,0.53,Lew Williams,0.043
568047,549735,SL,20210513,85.5,2.21,5.81,219.0,656976,669432,,ball,13.0,L,L,ARI,MIA,B,,,-1.26,1.39,Lew Williams,0.022
568048,549736,FF,20210513,94.9,2.43,6.01,135.0,656976,669432,,foul,5.0,L,L,ARI,MIA,S,,,-0.16,2.75,Lew Williams,-0.052
568049,549737,FF,20210513,94.9,2.36,5.95,137.0,656976,669432,,called_strike,2.0,L,L,ARI,MIA,S,,,0.23,2.89,Lew Williams,-0.038
568050,549738,SI,20210513,92.2,-1.75,5.63,224.0,594807,518876,field_out,hit_into_play,1.0,R,R,ARI,MIA,X,6.0,ground_ball,-0.52,2.91,Lew Williams,-0.289
568051,549739,SI,20210513,92.0,-1.72,5.66,213.0,594807,518876,,foul,13.0,R,R,ARI,MIA,S,,,-0.86,1.54,Lew Williams,-0.053
568052,549740,SI,20210513,91.8,-1.75,5.65,215.0,594807,518876,,ball,11.0,R,R,ARI,MIA,B,,,-1.42,2.92,Lew Williams,0.025
568053,549741,SI,20210513,92.6,-1.49,5.67,212.0,572816,518876,strikeout,called_strike,14.0,L,R,ARI,MIA,S,2.0,,0.96,2.2,Lew Williams,-0.379
568054,549742,FF,20210513,92.6,-1.79,5.63,216.0,572816,518876,,foul,4.0,L,R,ARI,MIA,S,,,-0.42,2.63,Lew Williams,0.0
568055,549743,CH,20210513,87.2,-1.69,5.82,225.0,572816,518876,,foul,1.0,L,R,ARI,MIA,S,,,-0.78,2.87,Lew Williams,-0.071
568056,549744,SI,20210513,91.5,-1.72,5.67,218.0,572816,518876,,ball,13.0,L,R,ARI,MIA,B,,,-1.35,2.13,Lew Williams,0.059
568057,549745,CH,20210513,86.7,-1.7,5.78,235.0,572816,518876,,ball,11.0,L,R,ARI,MIA,B,,,-1.43,3.34,Lew Williams,0.05
568058,549746,FF,20210513,92.4,-1.77,5.71,215.0,572816,518876,,ball,11.0,L,R,ARI,MIA,B,,,-0.01,3.99,Lew Williams,0.032
568059,549747,SI,20210513,92.4,-1.75,5.71,219.0,572816,518876,,called_strike,4.0,L,R,ARI,MIA,S,,,-0.65,2.16,Lew Williams,-0.046
568060,549748,FF,20210513,93.0,-1.71,5.62,221.0,542583,518876,double,hit_into_play,2.0,R,R,ARI,MIA,X,7.0,line_drive,-0.17,3.11,Lew Williams,0.472
568061,549749,FF,20210513,92.3,-1.64,5.66,215.0,542583,518876,,swinging_strike,6.0,R,R,ARI,MIA,S,,,0.35,2.73,Lew Williams,-0.035
568062,549750,FF,20210513,92.1,-1.68,5.68,215.0,542583,518876,,swinging_strike,6.0,R,R,ARI,MIA,S,,,0.52,2.65,Lew Williams,-0.027
568063,549751,SI,20210513,92.3,-1.64,5.72,204.0,500743,518876,field_out,hit_into_play,5.0,R,R,ARI,MIA,X,3.0,ground_ball,0.21,2.71,Lew Williams,-0.151
568064,549752,FC,20210513,91.1,-1.74,5.68,211.0,500743,518876,,swinging_strike,5.0,R,R,ARI,MIA,S,,,0.23,2.71,Lew Williams,-0.052
568065,549753,FF,20210513,92.4,-1.76,5.72,223.0,500743,518876,,foul,3.0,R,R,ARI,MIA,S,,,0.39,3.3,Lew Williams,-0.038
